periodo,codigo_pais,codigo_indicador,valor,unidad,anio_referencia,codigo_fuente,observaciones
RG2025_V1,AFG,TERR_DENS,67.2218634531,hab/km2,2025,CALC_UNWPP_FAOSTAT_OWID,Poblacion 2025 / superficie terrestre 2023.
RG2025_V1,AFG,POB_URB,25.4730529631,%,2023,WB_WDI_SP.URB.TOTL.IN.ZS,Definicion urbana nacional armonizada por ONU/WDI.
RG2025_V1,AFG,POB_EDAD,16.94,anios,2023,OWID_MEDIAN_AGE,
RG2025_V1,AFG,HUM_EV,66.035,anios,2023,WB_WDI,
RG2025_V1,AFG,ECO_PC,416.8710485256,USD_corrientes_por_hab,2024,WB_WDI_NY.GDP.MKTP.CD,PIB nominal WDI 2024 / poblacion 2024.
RG2025_V1,AFG,HUM_IDH,0.496,indice_0_1,2023,UNDP_HDR,
RG2025_V1,ALB,TERR_DENS,101.1498905109,hab/km2,2025,CALC_UNWPP_FAOSTAT_OWID,Poblacion 2025 / superficie terrestre 2023.
RG2025_V1,ALB,POB_URB,58.2106086138,%,2023,WB_WDI_SP.URB.TOTL.IN.ZS,Definicion urbana nacional armonizada por ONU/WDI.
RG2025_V1,ALB,POB_EDAD,36.277,anios,2023,OWID_MEDIAN_AGE,
RG2025_V1,ALB,HUM_EV,79.602,anios,2023,WB_WDI,
RG2025_V1,ALB,ECO_PC,9684.7554955726,USD_corrientes_por_hab,2024,WB_WDI_NY.GDP.MKTP.CD,PIB nominal WDI 2024 / poblacion 2024.
RG2025_V1,ALB,HUM_IDH,0.81,indice_0_1,2023,UNDP_HDR,
RG2025_V1,DZA,TERR_DENS,19.9162419072,hab/km2,2025,CALC_UNWPP_FAOSTAT_OWID,Poblacion 2025 / superficie terrestre 2023.
RG2025_V1,DZA,POB_URB,74.7328083641,%,2023,WB_WDI_SP.URB.TOTL.IN.ZS,Definicion urbana nacional armonizada por ONU/WDI.
RG2025_V1,DZA,POB_EDAD,28.189,anios,2023,OWID_MEDIAN_AGE,
RG2025_V1,DZA,HUM_EV,76.261,anios,2023,WB_WDI,
RG2025_V1,DZA,ECO_PC,5752.9915038522,USD_corrientes_por_hab,2024,WB_WDI_NY.GDP.MKTP.CD,PIB nominal WDI 2024 / poblacion 2024.
RG2025_V1,DZA,HUM_IDH,0.763,indice_0_1,2023,UNDP_HDR,
RG2025_V1,ASM,TERR_DENS,230.265,hab/km2,2025,CALC_UNWPP_FAOSTAT_OWID,Poblacion 2025 / superficie terrestre 2023.
RG2025_V1,ASM,POB_URB,81.3721542708,%,2023,WB_WDI_SP.URB.TOTL.IN.ZS,Definicion urbana nacional armonizada por ONU/WDI.
RG2025_V1,ASM,POB_EDAD,28.435,anios,2023,OWID_MEDIAN_AGE,
RG2025_V1,ASM,HUM_EV,72.852,anios,2023,WB_WDI,
RG2025_V1,AND,TERR_DENS,176.4255319149,hab/km2,2025,CALC_UNWPP_FAOSTAT_OWID,Poblacion 2025 / superficie terrestre 2023.
RG2025_V1,AND,POB_URB,88.8201609217,%,2023,WB_WDI_SP.URB.TOTL.IN.ZS,Definicion urbana nacional armonizada por ONU/WDI.
RG2025_V1,AND,POB_EDAD,43.162,anios,2023,OWID_MEDIAN_AGE,
RG2025_V1,AND,HUM_EV,84.041,anios,2023,WB_WDI,
RG2025_V1,AND,ECO_PC,49347.1988122293,USD_corrientes_por_hab,2024,WB_WDI_NY.GDP.MKTP.CD,PIB nominal WDI 2024 / poblacion 2024.
RG2025_V1,AND,HUM_IDH,0.913,indice_0_1,2023,UNDP_HDR,
RG2025_V1,AGO,TERR_DENS,31.3146980027,hab/km2,2025,CALC_UNWPP_FAOSTAT_OWID,Poblacion 2025 / superficie terrestre 2023.
RG2025_V1,AGO,POB_URB,69.851503222,%,2023,WB_WDI_SP.URB.TOTL.IN.ZS,Definicion urbana nacional armonizada por ONU/WDI.
RG2025_V1,AGO,POB_EDAD,16.452,anios,2023,OWID_MEDIAN_AGE,
RG2025_V1,AGO,HUM_EV,64.617,anios,2023,WB_WDI,
RG2025_V1,AGO,ECO_PC,2720.818647616,USD_corrientes_por_hab,2024,WB_WDI_NY.GDP.MKTP.CD,PIB nominal WDI 2024 / poblacion 2024.
RG2025_V1,AGO,HUM_IDH,0.616,indice_0_1,2023,UNDP_HDR,
RG2025_V1,ATG,TERR_DENS,214.1409090909,hab/km2,2025,CALC_UNWPP_FAOSTAT_OWID,Poblacion 2025 / superficie terrestre 2023.
RG2025_V1,ATG,POB_URB,24.4500156687,%,2023,WB_WDI_SP.URB.TOTL.IN.ZS,Definicion urbana nacional armonizada por ONU/WDI.
RG2025_V1,ATG,POB_EDAD,35.486,anios,2023,OWID_MEDIAN_AGE,
RG2025_V1,ATG,HUM_EV,77.598,anios,2023,WB_WDI,
RG2025_V1,ATG,ECO_PC,23057.3741940529,USD_corrientes_por_hab,2024,WB_WDI_NY.GDP.MKTP.CD,PIB nominal WDI 2024 / poblacion 2024.
RG2025_V1,ATG,HUM_IDH,0.851,indice_0_1,2023,UNDP_HDR,
RG2025_V1,AZE,TERR_DENS,125.804137931,hab/km2,2025,CALC_UNWPP_FAOSTAT_OWID,Poblacion 2025 / superficie terrestre 2023.
RG2025_V1,AZE,POB_URB,58.5075350484,%,2023,WB_WDI_SP.URB.TOTL.IN.ZS,Definicion urbana nacional armonizada por ONU/WDI.
RG2025_V1,AZE,POB_EDAD,32.596,anios,2023,OWID_MEDIAN_AGE,
RG2025_V1,AZE,HUM_EV,74.429,anios,2023,WB_WDI,
RG2025_V1,AZE,ECO_PC,7200.2559454643,USD_corrientes_por_hab,2024,WB_WDI_NY.GDP.MKTP.CD,PIB nominal WDI 2024 / poblacion 2024.
RG2025_V1,AZE,HUM_IDH,0.789,indice_0_1,2023,UNDP_HDR,
RG2025_V1,ARG,TERR_DENS,16.7543196343,hab/km2,2025,CALC_UNWPP_FAOSTAT_OWID,Poblacion 2025 / superficie terrestre 2023.
RG2025_V1,ARG,POB_URB,92.1945132258,%,2023,WB_WDI_SP.URB.TOTL.IN.ZS,Definicion urbana nacional armonizada por ONU/WDI.
RG2025_V1,ARG,POB_EDAD,32.122,anios,2023,OWID_MEDIAN_AGE,
RG2025_V1,ARG,HUM_EV,77.395,anios,2023,WB_WDI,
RG2025_V1,ARG,ECO_PC,13969.7854946354,USD_corrientes_por_hab,2024,WB_WDI_NY.GDP.MKTP.CD,PIB nominal WDI 2024 / poblacion 2024.
RG2025_V1,ARG,HUM_IDH,0.865,indice_0_1,2023,UNDP_HDR,
RG2025_V1,AUS,TERR_DENS,3.5067542726,hab/km2,2025,CALC_UNWPP_FAOSTAT_OWID,Poblacion 2025 / superficie terrestre 2023.
RG2025_V1,AUS,POB_URB,87.4866955654,%,2023,WB_WDI_SP.URB.TOTL.IN.ZS,Definicion urbana nacional armonizada por ONU/WDI.
RG2025_V1,AUS,POB_EDAD,37.751,anios,2023,OWID_MEDIAN_AGE,
RG2025_V1,AUS,HUM_EV,83.0512195122,anios,2023,WB_WDI,
RG2025_V1,AUS,ECO_PC,65773.5522891872,USD_corrientes_por_hab,2024,WB_WDI_NY.GDP.MKTP.CD,PIB nominal WDI 2024 / poblacion 2024.
RG2025_V1,AUS,HUM_IDH,0.958,indice_0_1,2023,UNDP_HDR,
RG2025_V1,AUT,TERR_DENS,110.4408385846,hab/km2,2025,CALC_UNWPP_FAOSTAT_OWID,Poblacion 2025 / superficie terrestre 2023.
RG2025_V1,AUT,POB_URB,69.2265358276,%,2023,WB_WDI_SP.URB.TOTL.IN.ZS,Definicion urbana nacional armonizada por ONU/WDI.
RG2025_V1,AUT,POB_EDAD,43.086,anios,2023,OWID_MEDIAN_AGE,
RG2025_V1,AUT,HUM_EV,81.7926829268,anios,2023,WB_WDI,
RG2025_V1,AUT,ECO_PC,58634.0936053217,USD_corrientes_por_hab,2024,WB_WDI_NY.GDP.MKTP.CD,PIB nominal WDI 2024 / poblacion 2024.
RG2025_V1,AUT,HUM_IDH,0.93,indice_0_1,2023,UNDP_HDR,
RG2025_V1,BHS,TERR_DENS,40.2637362637,hab/km2,2025,CALC_UNWPP_FAOSTAT_OWID,Poblacion 2025 / superficie terrestre 2023.
RG2025_V1,BHS,POB_URB,81.3213799174,%,2023,WB_WDI_SP.URB.TOTL.IN.ZS,Definicion urbana nacional armonizada por ONU/WDI.
RG2025_V1,BHS,POB_EDAD,34.597,anios,2023,OWID_MEDIAN_AGE,
RG2025_V1,BHS,HUM_EV,74.552,anios,2023,WB_WDI,
RG2025_V1,BHS,ECO_PC,39455.5449783444,USD_corrientes_por_hab,2024,WB_WDI_NY.GDP.MKTP.CD,PIB nominal WDI 2024 / poblacion 2024.
RG2025_V1,BHS,HUM_IDH,0.82,indice_0_1,2023,UNDP_HDR,
RG2025_V1,BHR,TERR_DENS,2054.1725,hab/km2,2025,CALC_UNWPP_FAOSTAT_OWID,Poblacion 2025 / superficie terrestre 2023.
RG2025_V1,BHR,POB_URB,100,%,2023,WB_WDI_SP.URB.TOTL.IN.ZS,Definicion urbana nacional armonizada por ONU/WDI.
RG2025_V1,BHR,POB_EDAD,32.876,anios,2023,OWID_MEDIAN_AGE,
RG2025_V1,BHR,HUM_EV,81.284,anios,2023,WB_WDI,
RG2025_V1,BHR,ECO_PC,29377.0998530645,USD_corrientes_por_hab,2024,WB_WDI_NY.GDP.MKTP.CD,PIB nominal WDI 2024 / poblacion 2024.
RG2025_V1,BHR,HUM_IDH,0.899,indice_0_1,2023,UNDP_HDR,
RG2025_V1,BGD,TERR_DENS,1351.6456685644,hab/km2,2025,CALC_UNWPP_FAOSTAT_OWID,Poblacion 2025 / superficie terrestre 2023.
RG2025_V1,BGD,POB_URB,32.1578465037,%,2023,WB_WDI_SP.URB.TOTL.IN.ZS,Definicion urbana nacional armonizada por ONU/WDI.
RG2025_V1,BGD,POB_EDAD,25.325,anios,2023,OWID_MEDIAN_AGE,
RG2025_V1,BGD,HUM_EV,74.672,anios,2023,WB_WDI,
RG2025_V1,BGD,ECO_PC,2593.4160869232,USD_corrientes_por_hab,2024,WB_WDI_NY.GDP.MKTP.CD,PIB nominal WDI 2024 / poblacion 2024.
RG2025_V1,BGD,HUM_IDH,0.685,indice_0_1,2023,UNDP_HDR,
RG2025_V1,ARM,TERR_DENS,104.6955187763,hab/km2,2025,CALC_UNWPP_FAOSTAT_OWID,Poblacion 2025 / superficie terrestre 2023.
RG2025_V1,ARM,POB_URB,65.6956882009,%,2023,WB_WDI_SP.URB.TOTL.IN.ZS,Definicion urbana nacional armonizada por ONU/WDI.
RG2025_V1,ARM,POB_EDAD,35.832,anios,2023,OWID_MEDIAN_AGE,
RG2025_V1,ARM,HUM_EV,77.4658536585,anios,2023,WB_WDI,
RG2025_V1,ARM,ECO_PC,8727.8566420729,USD_corrientes_por_hab,2024,WB_WDI_NY.GDP.MKTP.CD,PIB nominal WDI 2024 / poblacion 2024.
RG2025_V1,ARM,HUM_IDH,0.811,indice_0_1,2023,UNDP_HDR,
RG2025_V1,BRB,TERR_DENS,657.2744186047,hab/km2,2025,CALC_UNWPP_FAOSTAT_OWID,Poblacion 2025 / superficie terrestre 2023.
RG2025_V1,BRB,POB_URB,59.4235740236,%,2023,WB_WDI_SP.URB.TOTL.IN.ZS,Definicion urbana nacional armonizada por ONU/WDI.
RG2025_V1,BRB,POB_EDAD,38.905,anios,2023,OWID_MEDIAN_AGE,
RG2025_V1,BRB,HUM_EV,76.178,anios,2023,WB_WDI,
RG2025_V1,BRB,ECO_PC,26896.3432291593,USD_corrientes_por_hab,2024,WB_WDI_NY.GDP.MKTP.CD,PIB nominal WDI 2024 / poblacion 2024.
RG2025_V1,BRB,HUM_IDH,0.811,indice_0_1,2023,UNDP_HDR,
RG2025_V1,BEL,TERR_DENS,385.6037581164,hab/km2,2025,CALC_UNWPP_FAOSTAT_OWID,Poblacion 2025 / superficie terrestre 2023.
RG2025_V1,BEL,POB_URB,87.5514926368,%,2023,WB_WDI_SP.URB.TOTL.IN.ZS,Definicion urbana nacional armonizada por ONU/WDI.
RG2025_V1,BEL,POB_EDAD,41.44,anios,2023,OWID_MEDIAN_AGE,
RG2025_V1,BEL,HUM_EV,82.4,anios,2023,WB_WDI,
RG2025_V1,BEL,ECO_PC,57159.6210723455,USD_corrientes_por_hab,2024,WB_WDI_NY.GDP.MKTP.CD,PIB nominal WDI 2024 / poblacion 2024.
RG2025_V1,BEL,HUM_IDH,0.951,indice_0_1,2023,UNDP_HDR,
RG2025_V1,BMU,TERR_DENS,1195.8148148148,hab/km2,2025,CALC_UNWPP_FAOSTAT_OWID,Poblacion 2025 / superficie terrestre 2023.
RG2025_V1,BMU,POB_URB,100,%,2023,WB_WDI_SP.URB.TOTL.IN.ZS,Definicion urbana nacional armonizada por ONU/WDI.
RG2025_V1,BMU,POB_EDAD,45.14,anios,2023,OWID_MEDIAN_AGE,
RG2025_V1,BMU,HUM_EV,82.309,anios,2023,WB_WDI,
RG2025_V1,BMU,ECO_PC,142197.633776678,USD_corrientes_por_hab,2024,WB_WDI_NY.GDP.MKTP.CD,PIB nominal WDI 2024 / poblacion 2024.
RG2025_V1,BTN,TERR_DENS,20.8885422129,hab/km2,2025,CALC_UNWPP_FAOSTAT_OWID,Poblacion 2025 / superficie terrestre 2023.
RG2025_V1,BTN,POB_URB,41.735245799,%,2023,WB_WDI_SP.URB.TOTL.IN.ZS,Definicion urbana nacional armonizada por ONU/WDI.
RG2025_V1,BTN,POB_EDAD,29.388,anios,2023,OWID_MEDIAN_AGE,
RG2025_V1,BTN,HUM_EV,72.975,anios,2023,WB_WDI,
RG2025_V1,BTN,ECO_PC,4228.0189743276,USD_corrientes_por_hab,2024,WB_WDI_NY.GDP.MKTP.CD,PIB nominal WDI 2024 / poblacion 2024.
RG2025_V1,BTN,HUM_IDH,0.698,indice_0_1,2023,UNDP_HDR,
RG2025_V1,BOL,TERR_DENS,11.6143699806,hab/km2,2025,CALC_UNWPP_FAOSTAT_OWID,Poblacion 2025 / superficie terrestre 2023.
RG2025_V1,BOL,POB_URB,70.9151414045,%,2023,WB_WDI_SP.URB.TOTL.IN.ZS,Definicion urbana nacional armonizada por ONU/WDI.
RG2025_V1,BOL,POB_EDAD,24.664,anios,2023,OWID_MEDIAN_AGE,
RG2025_V1,BOL,HUM_EV,68.581,anios,2023,WB_WDI,
RG2025_V1,BOL,ECO_PC,4421.1650304106,USD_corrientes_por_hab,2024,WB_WDI_NY.GDP.MKTP.CD,PIB nominal WDI 2024 / poblacion 2024.
RG2025_V1,BOL,HUM_IDH,0.733,indice_0_1,2023,UNDP_HDR,
RG2025_V1,BIH,TERR_DENS,61.3300390625,hab/km2,2025,CALC_UNWPP_FAOSTAT_OWID,Poblacion 2025 / superficie terrestre 2023.
RG2025_V1,BIH,POB_URB,51.5657239834,%,2023,WB_WDI_SP.URB.TOTL.IN.ZS,Definicion urbana nacional armonizada por ONU/WDI.
RG2025_V1,BIH,POB_EDAD,44.915,anios,2023,OWID_MEDIAN_AGE,
RG2025_V1,BIH,HUM_EV,77.85,anios,2023,WB_WDI,
RG2025_V1,BIH,ECO_PC,9397.9005184945,USD_corrientes_por_hab,2024,WB_WDI_NY.GDP.MKTP.CD,PIB nominal WDI 2024 / poblacion 2024.
RG2025_V1,BIH,HUM_IDH,0.804,indice_0_1,2023,UNDP_HDR,
RG2025_V1,BWA,TERR_DENS,4.5208917827,hab/km2,2025,CALC_UNWPP_FAOSTAT_OWID,Poblacion 2025 / superficie terrestre 2023.
RG2025_V1,BWA,POB_URB,67.021265535,%,2023,WB_WDI_SP.URB.TOTL.IN.ZS,Definicion urbana nacional armonizada por ONU/WDI.
RG2025_V1,BWA,POB_EDAD,22.882,anios,2023,OWID_MEDIAN_AGE,
RG2025_V1,BWA,HUM_EV,69.163,anios,2023,WB_WDI,
RG2025_V1,BWA,ECO_PC,7649.7984318664,USD_corrientes_por_hab,2024,WB_WDI_NY.GDP.MKTP.CD,PIB nominal WDI 2024 / poblacion 2024.
RG2025_V1,BWA,HUM_IDH,0.731,indice_0_1,2023,UNDP_HDR,
RG2025_V1,BRA,TERR_DENS,25.4616932715,hab/km2,2025,CALC_UNWPP_FAOSTAT_OWID,Poblacion 2025 / superficie terrestre 2023.
RG2025_V1,BRA,POB_URB,87.6159710236,%,2023,WB_WDI_SP.URB.TOTL.IN.ZS,Definicion urbana nacional armonizada por ONU/WDI.
RG2025_V1,BRA,POB_EDAD,33.942,anios,2023,OWID_MEDIAN_AGE,
RG2025_V1,BRA,HUM_EV,75.848,anios,2023,WB_WDI,
RG2025_V1,BRA,ECO_PC,10310.5490864493,USD_corrientes_por_hab,2024,WB_WDI_NY.GDP.MKTP.CD,PIB nominal WDI 2024 / poblacion 2024.
RG2025_V1,BRA,HUM_IDH,0.786,indice_0_1,2023,UNDP_HDR,
RG2025_V1,BLZ,TERR_DENS,18.5412976765,hab/km2,2025,CALC_UNWPP_FAOSTAT_OWID,Poblacion 2025 / superficie terrestre 2023.
RG2025_V1,BLZ,POB_URB,41.9459437505,%,2023,WB_WDI_SP.URB.TOTL.IN.ZS,Definicion urbana nacional armonizada por ONU/WDI.
RG2025_V1,BLZ,POB_EDAD,25.946,anios,2023,OWID_MEDIAN_AGE,
RG2025_V1,BLZ,HUM_EV,73.566,anios,2023,WB_WDI,
RG2025_V1,BLZ,ECO_PC,7681.1519215876,USD_corrientes_por_hab,2024,WB_WDI_NY.GDP.MKTP.CD,PIB nominal WDI 2024 / poblacion 2024.
RG2025_V1,BLZ,HUM_IDH,0.721,indice_0_1,2023,UNDP_HDR,
RG2025_V1,SLB,TERR_DENS,29.9626652376,hab/km2,2025,CALC_UNWPP_FAOSTAT_OWID,Poblacion 2025 / superficie terrestre 2023.
RG2025_V1,SLB,POB_URB,30.0088821088,%,2023,WB_WDI_SP.URB.TOTL.IN.ZS,Definicion urbana nacional armonizada por ONU/WDI.
RG2025_V1,SLB,POB_EDAD,20.251,anios,2023,OWID_MEDIAN_AGE,
RG2025_V1,SLB,HUM_EV,70.528,anios,2023,WB_WDI,
RG2025_V1,SLB,ECO_PC,1933.5365021138,USD_corrientes_por_hab,2024,WB_WDI_NY.GDP.MKTP.CD,PIB nominal WDI 2024 / poblacion 2024.
RG2025_V1,SLB,HUM_IDH,0.584,indice_0_1,2023,UNDP_HDR,
RG2025_V1,VGB,TERR_DENS,265,hab/km2,2025,CALC_UNWPP_FAOSTAT_OWID,Poblacion 2025 / superficie terrestre 2023.
RG2025_V1,VGB,POB_URB,55.6407774494,%,2023,WB_WDI_SP.URB.TOTL.IN.ZS,Definicion urbana nacional armonizada por ONU/WDI.
RG2025_V1,VGB,POB_EDAD,37.546,anios,2023,OWID_MEDIAN_AGE,
RG2025_V1,VGB,HUM_EV,77.276,anios,2023,WB_WDI,
RG2025_V1,BRN,TERR_DENS,88.4891840607,hab/km2,2025,CALC_UNWPP_FAOSTAT_OWID,Poblacion 2025 / superficie terrestre 2023.
RG2025_V1,BRN,POB_URB,74.8199193881,%,2023,WB_WDI_SP.URB.TOTL.IN.ZS,Definicion urbana nacional armonizada por ONU/WDI.
RG2025_V1,BRN,POB_EDAD,31.76,anios,2023,OWID_MEDIAN_AGE,
RG2025_V1,BRN,HUM_EV,75.327,anios,2023,WB_WDI,
RG2025_V1,BRN,ECO_PC,33152.5424811663,USD_corrientes_por_hab,2024,WB_WDI_NY.GDP.MKTP.CD,PIB nominal WDI 2024 / poblacion 2024.
RG2025_V1,BRN,HUM_IDH,0.837,indice_0_1,2023,UNDP_HDR,
RG2025_V1,BGR,TERR_DENS,61.8511053795,hab/km2,2025,CALC_UNWPP_FAOSTAT_OWID,Poblacion 2025 / superficie terrestre 2023.
RG2025_V1,BGR,POB_URB,73.7322671585,%,2023,WB_WDI_SP.URB.TOTL.IN.ZS,Definicion urbana nacional armonizada por ONU/WDI.
RG2025_V1,BGR,POB_EDAD,44.314,anios,2023,OWID_MEDIAN_AGE,
RG2025_V1,BGR,HUM_EV,75.756097561,anios,2023,WB_WDI,
RG2025_V1,BGR,ECO_PC,16773.3672690316,USD_corrientes_por_hab,2024,WB_WDI_NY.GDP.MKTP.CD,PIB nominal WDI 2024 / poblacion 2024.
RG2025_V1,BGR,HUM_IDH,0.845,indice_0_1,2023,UNDP_HDR,
RG2025_V1,MMR,TERR_DENS,84.0404002022,hab/km2,2025,CALC_UNWPP_FAOSTAT_OWID,Poblacion 2025 / superficie terrestre 2023.
RG2025_V1,MMR,POB_URB,30.3820718069,%,2023,WB_WDI_SP.URB.TOTL.IN.ZS,Definicion urbana nacional armonizada por ONU/WDI.
RG2025_V1,MMR,POB_EDAD,29.534,anios,2023,OWID_MEDIAN_AGE,
RG2025_V1,MMR,HUM_EV,66.889,anios,2023,WB_WDI,
RG2025_V1,MMR,ECO_PC,1359.0501402844,USD_corrientes_por_hab,2024,WB_WDI_NY.GDP.MKTP.CD,PIB nominal WDI 2024 / poblacion 2024.
RG2025_V1,MMR,HUM_IDH,0.609,indice_0_1,2023,UNDP_HDR,
RG2025_V1,BDI,TERR_DENS,560.3588395639,hab/km2,2025,CALC_UNWPP_FAOSTAT_OWID,Poblacion 2025 / superficie terrestre 2023.
RG2025_V1,BDI,POB_URB,23.5534768372,%,2023,WB_WDI_SP.URB.TOTL.IN.ZS,Definicion urbana nacional armonizada por ONU/WDI.
RG2025_V1,BDI,POB_EDAD,15.902,anios,2023,OWID_MEDIAN_AGE,
RG2025_V1,BDI,HUM_EV,63.651,anios,2023,WB_WDI,
RG2025_V1,BDI,ECO_PC,216.2318977466,USD_corrientes_por_hab,2024,WB_WDI_NY.GDP.MKTP.CD,PIB nominal WDI 2024 / poblacion 2024.
RG2025_V1,BDI,HUM_IDH,0.439,indice_0_1,2023,UNDP_HDR,
RG2025_V1,BLR,TERR_DENS,44.3268697379,hab/km2,2025,CALC_UNWPP_FAOSTAT_OWID,Poblacion 2025 / superficie terrestre 2023.
RG2025_V1,BLR,POB_URB,78.8146420666,%,2023,WB_WDI_SP.URB.TOTL.IN.ZS,Definicion urbana nacional armonizada por ONU/WDI.
RG2025_V1,BLR,POB_EDAD,40.535,anios,2023,OWID_MEDIAN_AGE,
RG2025_V1,BLR,HUM_EV,74.1837804878,anios,2023,WB_WDI,
RG2025_V1,BLR,ECO_PC,8677.7605541479,USD_corrientes_por_hab,2024,WB_WDI_NY.GDP.MKTP.CD,PIB nominal WDI 2024 / poblacion 2024.
RG2025_V1,BLR,HUM_IDH,0.824,indice_0_1,2023,UNDP_HDR,
RG2025_V1,KHM,TERR_DENS,101.1102481305,hab/km2,2025,CALC_UNWPP_FAOSTAT_OWID,Poblacion 2025 / superficie terrestre 2023.
RG2025_V1,KHM,POB_URB,40.6290788073,%,2023,WB_WDI_SP.URB.TOTL.IN.ZS,Definicion urbana nacional armonizada por ONU/WDI.
RG2025_V1,KHM,POB_EDAD,25.844,anios,2023,OWID_MEDIAN_AGE,
RG2025_V1,KHM,HUM_EV,70.668,anios,2023,WB_WDI,
RG2025_V1,KHM,ECO_PC,2627.8792506136,USD_corrientes_por_hab,2024,WB_WDI_NY.GDP.MKTP.CD,PIB nominal WDI 2024 / poblacion 2024.
RG2025_V1,KHM,HUM_IDH,0.606,indice_0_1,2023,UNDP_HDR,
RG2025_V1,CMR,TERR_DENS,63.2086078145,hab/km2,2025,CALC_UNWPP_FAOSTAT_OWID,Poblacion 2025 / superficie terrestre 2023.
RG2025_V1,CMR,POB_URB,55.1286878511,%,2023,WB_WDI_SP.URB.TOTL.IN.ZS,Definicion urbana nacional armonizada por ONU/WDI.
RG2025_V1,CMR,POB_EDAD,17.752,anios,2023,OWID_MEDIAN_AGE,
RG2025_V1,CMR,HUM_EV,63.7,anios,2023,WB_WDI,
RG2025_V1,CMR,ECO_PC,1830.0080855048,USD_corrientes_por_hab,2024,WB_WDI_NY.GDP.MKTP.CD,PIB nominal WDI 2024 / poblacion 2024.
RG2025_V1,CMR,HUM_IDH,0.588,indice_0_1,2023,UNDP_HDR,
RG2025_V1,CAN,TERR_DENS,4.5657182518,hab/km2,2025,CALC_UNWPP_FAOSTAT_OWID,Poblacion 2025 / superficie terrestre 2023.
RG2025_V1,CAN,POB_URB,82.5250564408,%,2023,WB_WDI_SP.URB.TOTL.IN.ZS,Definicion urbana nacional armonizada por ONU/WDI.
RG2025_V1,CAN,POB_EDAD,40.343,anios,2023,OWID_MEDIAN_AGE,
RG2025_V1,CAN,HUM_EV,81.6263414634,anios,2023,WB_WDI,
RG2025_V1,CAN,ECO_PC,57119.7142903233,USD_corrientes_por_hab,2024,WB_WDI_NY.GDP.MKTP.CD,PIB nominal WDI 2024 / poblacion 2024.
RG2025_V1,CAN,HUM_IDH,0.939,indice_0_1,2023,UNDP_HDR,
RG2025_V1,CPV,TERR_DENS,130.8518610422,hab/km2,2025,CALC_UNWPP_FAOSTAT_OWID,Poblacion 2025 / superficie terrestre 2023.
RG2025_V1,CPV,POB_URB,75.9064245753,%,2023,WB_WDI_SP.URB.TOTL.IN.ZS,Definicion urbana nacional armonizada por ONU/WDI.
RG2025_V1,CPV,POB_EDAD,27.87,anios,2023,OWID_MEDIAN_AGE,
RG2025_V1,CPV,HUM_EV,76.059,anios,2023,WB_WDI,
RG2025_V1,CPV,ECO_PC,5170.1954690262,USD_corrientes_por_hab,2024,WB_WDI_NY.GDP.MKTP.CD,PIB nominal WDI 2024 / poblacion 2024.
RG2025_V1,CPV,HUM_IDH,0.668,indice_0_1,2023,UNDP_HDR,
RG2025_V1,CYM,TERR_DENS,316.0875,hab/km2,2025,CALC_UNWPP_FAOSTAT_OWID,Poblacion 2025 / superficie terrestre 2023.
RG2025_V1,CYM,POB_URB,100,%,2023,WB_WDI_SP.URB.TOTL.IN.ZS,Definicion urbana nacional armonizada por ONU/WDI.
RG2025_V1,CYM,POB_EDAD,37.875,anios,2023,OWID_MEDIAN_AGE,
RG2025_V1,CYM,HUM_EV,80.358,anios,2023,WB_WDI,
RG2025_V1,CYM,ECO_PC,104266.29391137,USD_corrientes_por_hab,2024,WB_WDI_NY.GDP.MKTP.CD,PIB nominal WDI 2024 / poblacion 2024.
RG2025_V1,CAF,TERR_DENS,8.8498603486,hab/km2,2025,CALC_UNWPP_FAOSTAT_OWID,Poblacion 2025 / superficie terrestre 2023.
RG2025_V1,CAF,POB_URB,43.6983692134,%,2023,WB_WDI_SP.URB.TOTL.IN.ZS,Definicion urbana nacional armonizada por ONU/WDI.
RG2025_V1,CAF,POB_EDAD,14.32,anios,2023,OWID_MEDIAN_AGE,
RG2025_V1,CAF,HUM_EV,57.408,anios,2023,WB_WDI,
RG2025_V1,CAF,ECO_PC,516.1609031679,USD_corrientes_por_hab,2024,WB_WDI_NY.GDP.MKTP.CD,PIB nominal WDI 2024 / poblacion 2024.
RG2025_V1,CAF,HUM_IDH,0.414,indice_0_1,2023,UNDP_HDR,
RG2025_V1,LKA,TERR_DENS,375.5168768186,hab/km2,2025,CALC_UNWPP_FAOSTAT_OWID,Poblacion 2025 / superficie terrestre 2023.
RG2025_V1,LKA,POB_URB,20.1455348442,%,2023,WB_WDI_SP.URB.TOTL.IN.ZS,Definicion urbana nacional armonizada por ONU/WDI.
RG2025_V1,LKA,POB_EDAD,32.812,anios,2023,OWID_MEDIAN_AGE,
RG2025_V1,LKA,HUM_EV,77.483,anios,2023,WB_WDI,
RG2025_V1,LKA,ECO_PC,4311.7210920759,USD_corrientes_por_hab,2024,WB_WDI_NY.GDP.MKTP.CD,PIB nominal WDI 2024 / poblacion 2024.
RG2025_V1,LKA,HUM_IDH,0.776,indice_0_1,2023,UNDP_HDR,
RG2025_V1,TCD,TERR_DENS,16.680194568,hab/km2,2025,CALC_UNWPP_FAOSTAT_OWID,Poblacion 2025 / superficie terrestre 2023.
RG2025_V1,TCD,POB_URB,26.3305395171,%,2023,WB_WDI_SP.URB.TOTL.IN.ZS,Definicion urbana nacional armonizada por ONU/WDI.
RG2025_V1,TCD,POB_EDAD,15.401,anios,2023,OWID_MEDIAN_AGE,
RG2025_V1,TCD,HUM_EV,55.069,anios,2023,WB_WDI,
RG2025_V1,TCD,ECO_PC,980.6679256249,USD_corrientes_por_hab,2024,WB_WDI_NY.GDP.MKTP.CD,PIB nominal WDI 2024 / poblacion 2024.
RG2025_V1,TCD,HUM_IDH,0.416,indice_0_1,2023,UNDP_HDR,
RG2025_V1,CHL,TERR_DENS,26.7354220344,hab/km2,2025,CALC_UNWPP_FAOSTAT_OWID,Poblacion 2025 / superficie terrestre 2023.
RG2025_V1,CHL,POB_URB,88.8158617218,%,2023,WB_WDI_SP.URB.TOTL.IN.ZS,Definicion urbana nacional armonizada por ONU/WDI.
RG2025_V1,CHL,POB_EDAD,35.969,anios,2023,OWID_MEDIAN_AGE,
RG2025_V1,CHL,HUM_EV,81.167,anios,2023,WB_WDI,
RG2025_V1,CHL,ECO_PC,16658.9627434508,USD_corrientes_por_hab,2024,WB_WDI_NY.GDP.MKTP.CD,PIB nominal WDI 2024 / poblacion 2024.
RG2025_V1,CHL,HUM_IDH,0.878,indice_0_1,2023,UNDP_HDR,
RG2025_V1,CHN,TERR_DENS,150.8377095314,hab/km2,2025,CALC_UNWPP_FAOSTAT_OWID,Poblacion 2025 / superficie terrestre 2023.
RG2025_V1,CHN,POB_URB,65.5301448036,%,2023,WB_WDI_SP.URB.TOTL.IN.ZS,Definicion urbana nacional armonizada por ONU/WDI.
RG2025_V1,CHN,POB_EDAD,39.066,anios,2023,OWID_MEDIAN_AGE,
RG2025_V1,CHN,HUM_EV,77.953,anios,2023,WB_WDI,
RG2025_V1,CHN,ECO_PC,13196.2147309333,USD_corrientes_por_hab,2024,WB_WDI_NY.GDP.MKTP.CD,PIB nominal WDI 2024 / poblacion 2024.
RG2025_V1,CHN,HUM_IDH,0.797,indice_0_1,2023,UNDP_HDR,
RG2025_V1,TWN,TERR_DENS,652.7194860209,hab/km2,2025,CALC_UNWPP_FAOSTAT_OWID,Poblacion 2025 / superficie terrestre 2023.
RG2025_V1,TWN,POB_EDAD,43.538,anios,2023,OWID_MEDIAN_AGE,
RG2025_V1,TWN,ECO_PC,34040,USD_corrientes_por_hab,2024,TW_DGBAS_YEARBOOK,Anuario estadístico oficial 2024; PIB por habitante en dólares estadounidenses.
RG2025_V1,TWN,HUM_IDH,0.934,indice_0_1,2023,TW_DGBAS_HDI,Calculado y publicado por DGBAS conforme a la fórmula del PNUD; Taiwán no figura como país en la tabla PNUD.
RG2025_V1,COL,TERR_DENS,48.1528877873,hab/km2,2025,CALC_UNWPP_FAOSTAT_OWID,Poblacion 2025 / superficie terrestre 2023.
RG2025_V1,COL,POB_URB,78.2755715795,%,2023,WB_WDI_SP.URB.TOTL.IN.ZS,Definicion urbana nacional armonizada por ONU/WDI.
RG2025_V1,COL,POB_EDAD,31.606,anios,2023,OWID_MEDIAN_AGE,
RG2025_V1,COL,HUM_EV,77.725,anios,2023,WB_WDI,
RG2025_V1,COL,ECO_PC,7951.0866912227,USD_corrientes_por_hab,2024,WB_WDI_NY.GDP.MKTP.CD,PIB nominal WDI 2024 / poblacion 2024.
RG2025_V1,COL,HUM_IDH,0.788,indice_0_1,2023,UNDP_HDR,
RG2025_V1,COM,TERR_DENS,474.3960236432,hab/km2,2025,CALC_UNWPP_FAOSTAT_OWID,Poblacion 2025 / superficie terrestre 2023.
RG2025_V1,COM,POB_URB,33.1502180947,%,2023,WB_WDI_SP.URB.TOTL.IN.ZS,Definicion urbana nacional armonizada por ONU/WDI.
RG2025_V1,COM,POB_EDAD,20.331,anios,2023,OWID_MEDIAN_AGE,
RG2025_V1,COM,HUM_EV,66.777,anios,2023,WB_WDI,
RG2025_V1,COM,ECO_PC,1857.8620317115,USD_corrientes_por_hab,2024,WB_WDI_NY.GDP.MKTP.CD,PIB nominal WDI 2024 / poblacion 2024.
RG2025_V1,COM,HUM_IDH,0.603,indice_0_1,2023,UNDP_HDR,
RG2025_V1,MYT,TERR_DENS,920.1632719926,hab/km2,2025,CALC_UNWPP_FAOSTAT_OWID,Poblacion 2025 / superficie terrestre 2023.
RG2025_V1,MYT,POB_EDAD,16.786,anios,2023,OWID_MEDIAN_AGE,
RG2025_V1,COG,TERR_DENS,18.988102489,hab/km2,2025,CALC_UNWPP_FAOSTAT_OWID,Poblacion 2025 / superficie terrestre 2023.
RG2025_V1,COG,POB_URB,63.6626757616,%,2023,WB_WDI_SP.URB.TOTL.IN.ZS,Definicion urbana nacional armonizada por ONU/WDI.
RG2025_V1,COG,POB_EDAD,18.308,anios,2023,OWID_MEDIAN_AGE,
RG2025_V1,COG,HUM_EV,65.772,anios,2023,WB_WDI,
RG2025_V1,COG,ECO_PC,2482.2458591928,USD_corrientes_por_hab,2024,WB_WDI_NY.GDP.MKTP.CD,PIB nominal WDI 2024 / poblacion 2024.
RG2025_V1,COG,HUM_IDH,0.649,indice_0_1,2023,UNDP_HDR,
RG2025_V1,COD,TERR_DENS,49.7706159988,hab/km2,2025,CALC_UNWPP_FAOSTAT_OWID,Poblacion 2025 / superficie terrestre 2023.
RG2025_V1,COD,POB_URB,44.3754734892,%,2023,WB_WDI_SP.URB.TOTL.IN.ZS,Definicion urbana nacional armonizada por ONU/WDI.
RG2025_V1,COD,POB_EDAD,15.768,anios,2023,OWID_MEDIAN_AGE,
RG2025_V1,COD,HUM_EV,61.895,anios,2023,WB_WDI,
RG2025_V1,COD,ECO_PC,692.8876714258,USD_corrientes_por_hab,2024,WB_WDI_NY.GDP.MKTP.CD,PIB nominal WDI 2024 / poblacion 2024.
RG2025_V1,COD,HUM_IDH,0.522,indice_0_1,2023,UNDP_HDR,
RG2025_V1,COK,TERR_DENS,55.3333333333,hab/km2,2025,CALC_UNWPP_FAOSTAT_OWID,Poblacion 2025 / superficie terrestre 2023.
RG2025_V1,COK,POB_EDAD,35.075,anios,2023,OWID_MEDIAN_AGE,
RG2025_V1,CRI,TERR_DENS,100.9194868782,hab/km2,2025,CALC_UNWPP_FAOSTAT_OWID,Poblacion 2025 / superficie terrestre 2023.
RG2025_V1,CRI,POB_URB,78.8819393642,%,2023,WB_WDI_SP.URB.TOTL.IN.ZS,Definicion urbana nacional armonizada por ONU/WDI.
RG2025_V1,CRI,POB_EDAD,34.07,anios,2023,OWID_MEDIAN_AGE,
RG2025_V1,CRI,HUM_EV,80.799,anios,2023,WB_WDI,
RG2025_V1,CRI,ECO_PC,18853.2865457577,USD_corrientes_por_hab,2024,WB_WDI_NY.GDP.MKTP.CD,PIB nominal WDI 2024 / poblacion 2024.
RG2025_V1,CRI,HUM_IDH,0.833,indice_0_1,2023,UNDP_HDR,
RG2025_V1,HRV,TERR_DENS,68.7663330951,hab/km2,2025,CALC_UNWPP_FAOSTAT_OWID,Poblacion 2025 / superficie terrestre 2023.
RG2025_V1,HRV,POB_URB,57.2431560672,%,2023,WB_WDI_SP.URB.TOTL.IN.ZS,Definicion urbana nacional armonizada por ONU/WDI.
RG2025_V1,HRV,POB_EDAD,44.761,anios,2023,OWID_MEDIAN_AGE,
RG2025_V1,HRV,HUM_EV,78.4731707317,anios,2023,WB_WDI,
RG2025_V1,HRV,ECO_PC,23993.3151846539,USD_corrientes_por_hab,2024,WB_WDI_NY.GDP.MKTP.CD,PIB nominal WDI 2024 / poblacion 2024.
RG2025_V1,HRV,HUM_IDH,0.889,indice_0_1,2023,UNDP_HDR,
RG2025_V1,CUB,TERR_DENS,105.368044316,hab/km2,2025,CALC_UNWPP_FAOSTAT_OWID,Poblacion 2025 / superficie terrestre 2023.
RG2025_V1,CUB,POB_URB,77.1259872296,%,2023,WB_WDI_SP.URB.TOTL.IN.ZS,Definicion urbana nacional armonizada por ONU/WDI.
RG2025_V1,CUB,POB_EDAD,41.709,anios,2023,OWID_MEDIAN_AGE,
RG2025_V1,CUB,HUM_EV,78.085,anios,2023,WB_WDI,
RG2025_V1,CUB,HUM_IDH,0.762,indice_0_1,2023,UNDP_HDR,
RG2025_V1,CYP,TERR_DENS,148.35,hab/km2,2025,CALC_UNWPP_FAOSTAT_OWID,Poblacion 2025 / superficie terrestre 2023.
RG2025_V1,CYP,POB_URB,66.6739477523,%,2023,WB_WDI_SP.URB.TOTL.IN.ZS,Definicion urbana nacional armonizada por ONU/WDI.
RG2025_V1,CYP,POB_EDAD,37.756,anios,2023,OWID_MEDIAN_AGE,
RG2025_V1,CYP,HUM_EV,81.648,anios,2023,WB_WDI,
RG2025_V1,CYP,ECO_PC,27707.363628406,USD_corrientes_por_hab,2024,WB_WDI_NY.GDP.MKTP.CD,PIB nominal WDI 2024 / poblacion 2024.
RG2025_V1,CYP,HUM_IDH,0.913,indice_0_1,2023,UNDP_HDR,
RG2025_V1,CZE,TERR_DENS,137.4836183871,hab/km2,2025,CALC_UNWPP_FAOSTAT_OWID,Poblacion 2025 / superficie terrestre 2023.
RG2025_V1,CZE,POB_URB,72.7352388397,%,2023,WB_WDI_SP.URB.TOTL.IN.ZS,Definicion urbana nacional armonizada por ONU/WDI.
RG2025_V1,CZE,POB_EDAD,42.716,anios,2023,OWID_MEDIAN_AGE,
RG2025_V1,CZE,HUM_EV,79.8268292683,anios,2023,WB_WDI,
RG2025_V1,CZE,ECO_PC,32329.2832813791,USD_corrientes_por_hab,2024,WB_WDI_NY.GDP.MKTP.CD,PIB nominal WDI 2024 / poblacion 2024.
RG2025_V1,CZE,HUM_IDH,0.915,indice_0_1,2023,UNDP_HDR,
RG2025_V1,BEN,TERR_DENS,131.3804540617,hab/km2,2025,CALC_UNWPP_FAOSTAT_OWID,Poblacion 2025 / superficie terrestre 2023.
RG2025_V1,BEN,POB_URB,51.7457922965,%,2023,WB_WDI_SP.URB.TOTL.IN.ZS,Definicion urbana nacional armonizada por ONU/WDI.
RG2025_V1,BEN,POB_EDAD,17.772,anios,2023,OWID_MEDIAN_AGE,
RG2025_V1,BEN,HUM_EV,60.774,anios,2023,WB_WDI,
RG2025_V1,BEN,ECO_PC,1485.3804969635,USD_corrientes_por_hab,2024,WB_WDI_NY.GDP.MKTP.CD,PIB nominal WDI 2024 / poblacion 2024.
RG2025_V1,BEN,HUM_IDH,0.515,indice_0_1,2023,UNDP_HDR,
RG2025_V1,DNK,TERR_DENS,150.062875,hab/km2,2025,CALC_UNWPP_FAOSTAT_OWID,Poblacion 2025 / superficie terrestre 2023.
RG2025_V1,DNK,POB_URB,88.5526385429,%,2023,WB_WDI_SP.URB.TOTL.IN.ZS,Definicion urbana nacional armonizada por ONU/WDI.
RG2025_V1,DNK,POB_EDAD,41.249,anios,2023,OWID_MEDIAN_AGE,
RG2025_V1,DNK,HUM_EV,81.7536585366,anios,2023,WB_WDI,
RG2025_V1,DNK,ECO_PC,71021.4331770808,USD_corrientes_por_hab,2024,WB_WDI_NY.GDP.MKTP.CD,PIB nominal WDI 2024 / poblacion 2024.
RG2025_V1,DNK,HUM_IDH,0.962,indice_0_1,2023,UNDP_HDR,
RG2025_V1,DMA,TERR_DENS,87.856,hab/km2,2025,CALC_UNWPP_FAOSTAT_OWID,Poblacion 2025 / superficie terrestre 2023.
RG2025_V1,DMA,POB_URB,73.1105011438,%,2023,WB_WDI_SP.URB.TOTL.IN.ZS,Definicion urbana nacional armonizada por ONU/WDI.
RG2025_V1,DMA,POB_EDAD,35.618,anios,2023,OWID_MEDIAN_AGE,
RG2025_V1,DMA,HUM_EV,71.132,anios,2023,WB_WDI,
RG2025_V1,DMA,ECO_PC,10401.9793054311,USD_corrientes_por_hab,2024,WB_WDI_NY.GDP.MKTP.CD,PIB nominal WDI 2024 / poblacion 2024.
RG2025_V1,DMA,HUM_IDH,0.761,indice_0_1,2023,UNDP_HDR,
RG2025_V1,DOM,TERR_DENS,239.0239889522,hab/km2,2025,CALC_UNWPP_FAOSTAT_OWID,Poblacion 2025 / superficie terrestre 2023.
RG2025_V1,DOM,POB_URB,72.3577991823,%,2023,WB_WDI_SP.URB.TOTL.IN.ZS,Definicion urbana nacional armonizada por ONU/WDI.
RG2025_V1,DOM,POB_EDAD,27.653,anios,2023,OWID_MEDIAN_AGE,
RG2025_V1,DOM,HUM_EV,73.72,anios,2023,WB_WDI,
RG2025_V1,DOM,ECO_PC,10875.6608926044,USD_corrientes_por_hab,2024,WB_WDI_NY.GDP.MKTP.CD,PIB nominal WDI 2024 / poblacion 2024.
RG2025_V1,DOM,HUM_IDH,0.776,indice_0_1,2023,UNDP_HDR,
RG2025_V1,ECU,TERR_DENS,73.6426880335,hab/km2,2025,CALC_UNWPP_FAOSTAT_OWID,Poblacion 2025 / superficie terrestre 2023.
RG2025_V1,ECU,POB_URB,63.1307729554,%,2023,WB_WDI_SP.URB.TOTL.IN.ZS,Definicion urbana nacional armonizada por ONU/WDI.
RG2025_V1,ECU,POB_EDAD,28.406,anios,2023,OWID_MEDIAN_AGE,
RG2025_V1,ECU,HUM_EV,77.392,anios,2023,WB_WDI,
RG2025_V1,ECU,ECO_PC,6826.5294137822,USD_corrientes_por_hab,2024,WB_WDI_NY.GDP.MKTP.CD,PIB nominal WDI 2024 / poblacion 2024.
RG2025_V1,ECU,HUM_IDH,0.777,indice_0_1,2023,UNDP_HDR,
RG2025_V1,SLV,TERR_DENS,307.2155405405,hab/km2,2025,CALC_UNWPP_FAOSTAT_OWID,Poblacion 2025 / superficie terrestre 2023.
RG2025_V1,SLV,POB_URB,74.608067515,%,2023,WB_WDI_SP.URB.TOTL.IN.ZS,Definicion urbana nacional armonizada por ONU/WDI.
RG2025_V1,SLV,POB_EDAD,26.956,anios,2023,OWID_MEDIAN_AGE,
RG2025_V1,SLV,HUM_EV,72.099,anios,2023,WB_WDI,
RG2025_V1,SLV,ECO_PC,5503.099698542,USD_corrientes_por_hab,2024,WB_WDI_NY.GDP.MKTP.CD,PIB nominal WDI 2024 / poblacion 2024.
RG2025_V1,SLV,HUM_IDH,0.678,indice_0_1,2023,UNDP_HDR,
RG2025_V1,GNQ,TERR_DENS,69.1064527629,hab/km2,2025,CALC_UNWPP_FAOSTAT_OWID,Poblacion 2025 / superficie terrestre 2023.
RG2025_V1,GNQ,POB_URB,71.1290664884,%,2023,WB_WDI_SP.URB.TOTL.IN.ZS,Definicion urbana nacional armonizada por ONU/WDI.
RG2025_V1,GNQ,POB_EDAD,20.979,anios,2023,OWID_MEDIAN_AGE,
RG2025_V1,GNQ,HUM_EV,63.707,anios,2023,WB_WDI,
RG2025_V1,GNQ,ECO_PC,7003.5546522424,USD_corrientes_por_hab,2024,WB_WDI_NY.GDP.MKTP.CD,PIB nominal WDI 2024 / poblacion 2024.
RG2025_V1,GNQ,HUM_IDH,0.674,indice_0_1,2023,UNDP_HDR,
RG2025_V1,ETH,TERR_DENS,120.0462490523,hab/km2,2025,CALC_UNWPP_FAOSTAT_OWID,Poblacion 2025 / superficie terrestre 2023.
RG2025_V1,ETH,POB_URB,23.0586471558,%,2023,WB_WDI_SP.URB.TOTL.IN.ZS,Definicion urbana nacional armonizada por ONU/WDI.
RG2025_V1,ETH,POB_EDAD,18.733,anios,2023,OWID_MEDIAN_AGE,
RG2025_V1,ETH,HUM_EV,67.315,anios,2023,WB_WDI,
RG2025_V1,ETH,ECO_PC,1133.8827710542,USD_corrientes_por_hab,2024,WB_WDI_NY.GDP.MKTP.CD,PIB nominal WDI 2024 / poblacion 2024.
RG2025_V1,ETH,HUM_IDH,0.497,indice_0_1,2023,UNDP_HDR,
RG2025_V1,ERI,TERR_DENS,29.7661047944,hab/km2,2025,CALC_UNWPP_FAOSTAT_OWID,Poblacion 2025 / superficie terrestre 2023.
RG2025_V1,ERI,POB_URB,34.6964035034,%,2023,WB_WDI_SP.URB.TOTL.IN.ZS,Definicion urbana nacional armonizada por ONU/WDI.
RG2025_V1,ERI,POB_EDAD,18.651,anios,2023,OWID_MEDIAN_AGE,
RG2025_V1,ERI,HUM_EV,68.624,anios,2023,WB_WDI,
RG2025_V1,ERI,HUM_IDH,0.503,indice_0_1,2023,UNDP_HDR,
RG2025_V1,EST,TERR_DENS,31.4588345425,hab/km2,2025,CALC_UNWPP_FAOSTAT_OWID,Poblacion 2025 / superficie terrestre 2023.
RG2025_V1,EST,POB_URB,70.6770085523,%,2023,WB_WDI_SP.URB.TOTL.IN.ZS,Definicion urbana nacional armonizada por ONU/WDI.
RG2025_V1,EST,POB_EDAD,41.89,anios,2023,OWID_MEDIAN_AGE,
RG2025_V1,EST,HUM_EV,78.7926829268,anios,2023,WB_WDI,
RG2025_V1,EST,ECO_PC,31700.7704464304,USD_corrientes_por_hab,2024,WB_WDI_NY.GDP.MKTP.CD,PIB nominal WDI 2024 / poblacion 2024.
RG2025_V1,EST,HUM_IDH,0.905,indice_0_1,2023,UNDP_HDR,
RG2025_V1,FRO,TERR_DENS,40.8927007299,hab/km2,2025,CALC_UNWPP_FAOSTAT_OWID,Poblacion 2025 / superficie terrestre 2023.
RG2025_V1,FRO,POB_URB,39.1975270124,%,2023,WB_WDI_SP.URB.TOTL.IN.ZS,Definicion urbana nacional armonizada por ONU/WDI.
RG2025_V1,FRO,POB_EDAD,37.258,anios,2023,OWID_MEDIAN_AGE,
RG2025_V1,FRO,HUM_EV,82.9521195122,anios,2023,WB_WDI,
RG2025_V1,FRO,ECO_PC,73132.629058001,USD_corrientes_por_hab,2024,WB_WDI_NY.GDP.MKTP.CD,PIB nominal WDI 2024 / poblacion 2024.
RG2025_V1,FLK,TERR_DENS,0.2870172555,hab/km2,2025,CALC_UNWPP_FAOSTAT_OWID,Poblacion 2025 / superficie terrestre 2023.
RG2025_V1,FLK,POB_EDAD,41.535,anios,2023,OWID_MEDIAN_AGE,
RG2025_V1,FJI,TERR_DENS,51.0760262726,hab/km2,2025,CALC_UNWPP_FAOSTAT_OWID,Poblacion 2025 / superficie terrestre 2023.
RG2025_V1,FJI,POB_URB,58.6069049739,%,2023,WB_WDI_SP.URB.TOTL.IN.ZS,Definicion urbana nacional armonizada por ONU/WDI.
RG2025_V1,FJI,POB_EDAD,27.666,anios,2023,OWID_MEDIAN_AGE,
RG2025_V1,FJI,HUM_EV,67.316,anios,2023,WB_WDI,
RG2025_V1,FJI,ECO_PC,6425.6308239355,USD_corrientes_por_hab,2024,WB_WDI_NY.GDP.MKTP.CD,PIB nominal WDI 2024 / poblacion 2024.
RG2025_V1,FJI,HUM_IDH,0.731,indice_0_1,2023,UNDP_HDR,
RG2025_V1,FIN,TERR_DENS,18.5002237136,hab/km2,2025,CALC_UNWPP_FAOSTAT_OWID,Poblacion 2025 / superficie terrestre 2023.
RG2025_V1,FIN,POB_URB,74.0062548603,%,2023,WB_WDI_SP.URB.TOTL.IN.ZS,Definicion urbana nacional armonizada por ONU/WDI.
RG2025_V1,FIN,POB_EDAD,42.789,anios,2023,OWID_MEDIAN_AGE,
RG2025_V1,FIN,HUM_EV,81.5853658537,anios,2023,WB_WDI,
RG2025_V1,FIN,ECO_PC,53180.148421855,USD_corrientes_por_hab,2024,WB_WDI_NY.GDP.MKTP.CD,PIB nominal WDI 2024 / poblacion 2024.
RG2025_V1,FIN,HUM_IDH,0.948,indice_0_1,2023,UNDP_HDR,
RG2025_V1,FRA,TERR_DENS,123.6678801373,hab/km2,2025,CALC_UNWPP_FAOSTAT_OWID,Poblacion 2025 / superficie terrestre 2023.
RG2025_V1,FRA,POB_URB,78.7804323127,%,2023,WB_WDI_SP.URB.TOTL.IN.ZS,Definicion urbana nacional armonizada por ONU/WDI.
RG2025_V1,FRA,POB_EDAD,41.817,anios,2023,OWID_MEDIAN_AGE,
RG2025_V1,FRA,HUM_EV,82.8317073171,anios,2023,WB_WDI,
RG2025_V1,FRA,ECO_PC,47490.7939737135,USD_corrientes_por_hab,2024,WB_WDI_NY.GDP.MKTP.CD,PIB nominal WDI 2024 / poblacion 2024.
RG2025_V1,FRA,HUM_IDH,0.92,indice_0_1,2023,UNDP_HDR,
RG2025_V1,GUF,TERR_DENS,3.7877671779,hab/km2,2025,CALC_UNWPP_FAOSTAT_OWID,Poblacion 2025 / superficie terrestre 2023.
RG2025_V1,GUF,POB_EDAD,25.221,anios,2023,OWID_MEDIAN_AGE,
RG2025_V1,PYF,TERR_DENS,81.3794295592,hab/km2,2025,CALC_UNWPP_FAOSTAT_OWID,Poblacion 2025 / superficie terrestre 2023.
RG2025_V1,PYF,POB_URB,61.6967135029,%,2023,WB_WDI_SP.URB.TOTL.IN.ZS,Definicion urbana nacional armonizada por ONU/WDI.
RG2025_V1,PYF,POB_EDAD,34.791,anios,2023,OWID_MEDIAN_AGE,
RG2025_V1,PYF,HUM_EV,84.07,anios,2023,WB_WDI,
RG2025_V1,PYF,ECO_PC,22439.1672405048,USD_corrientes_por_hab,2024,WB_WDI_NY.GDP.MKTP.CD,PIB nominal WDI 2024 / poblacion 2024.
RG2025_V1,DJI,TERR_DENS,51.0820534944,hab/km2,2025,CALC_UNWPP_FAOSTAT_OWID,Poblacion 2025 / superficie terrestre 2023.
RG2025_V1,DJI,POB_URB,72.8408245989,%,2023,WB_WDI_SP.URB.TOTL.IN.ZS,Definicion urbana nacional armonizada por ONU/WDI.
RG2025_V1,DJI,POB_EDAD,24.389,anios,2023,OWID_MEDIAN_AGE,
RG2025_V1,DJI,HUM_EV,65.987,anios,2023,WB_WDI,
RG2025_V1,DJI,ECO_PC,3552.7111914893,USD_corrientes_por_hab,2024,WB_WDI_NY.GDP.MKTP.CD,PIB nominal WDI 2024 / poblacion 2024.
RG2025_V1,DJI,HUM_IDH,0.513,indice_0_1,2023,UNDP_HDR,
RG2025_V1,GAB,TERR_DENS,10.0637676097,hab/km2,2025,CALC_UNWPP_FAOSTAT_OWID,Poblacion 2025 / superficie terrestre 2023.
RG2025_V1,GAB,POB_URB,91.6375962797,%,2023,WB_WDI_SP.URB.TOTL.IN.ZS,Definicion urbana nacional armonizada por ONU/WDI.
RG2025_V1,GAB,POB_EDAD,21.503,anios,2023,OWID_MEDIAN_AGE,
RG2025_V1,GAB,HUM_EV,68.337,anios,2023,WB_WDI,
RG2025_V1,GAB,ECO_PC,8230.0398730009,USD_corrientes_por_hab,2024,WB_WDI_NY.GDP.MKTP.CD,PIB nominal WDI 2024 / poblacion 2024.
RG2025_V1,GAB,HUM_IDH,0.733,indice_0_1,2023,UNDP_HDR,
RG2025_V1,GEO,TERR_DENS,54.7800978558,hab/km2,2025,CALC_UNWPP_FAOSTAT_OWID,Poblacion 2025 / superficie terrestre 2023.
RG2025_V1,GEO,POB_URB,60.75230778,%,2023,WB_WDI_SP.URB.TOTL.IN.ZS,Definicion urbana nacional armonizada por ONU/WDI.
RG2025_V1,GEO,POB_EDAD,36.796,anios,2023,OWID_MEDIAN_AGE,
RG2025_V1,GEO,HUM_EV,74.496,anios,2023,WB_WDI,
RG2025_V1,GEO,ECO_PC,8979.0977924391,USD_corrientes_por_hab,2024,WB_WDI_NY.GDP.MKTP.CD,PIB nominal WDI 2024 / poblacion 2024.
RG2025_V1,GEO,HUM_IDH,0.844,indice_0_1,2023,UNDP_HDR,
RG2025_V1,GMB,TERR_DENS,278.8630434783,hab/km2,2025,CALC_UNWPP_FAOSTAT_OWID,Poblacion 2025 / superficie terrestre 2023.
RG2025_V1,GMB,POB_URB,63.8020182456,%,2023,WB_WDI_SP.URB.TOTL.IN.ZS,Definicion urbana nacional armonizada por ONU/WDI.
RG2025_V1,GMB,POB_EDAD,18.17,anios,2023,OWID_MEDIAN_AGE,
RG2025_V1,GMB,HUM_EV,65.86,anios,2023,WB_WDI,
RG2025_V1,GMB,ECO_PC,871.3368148135,USD_corrientes_por_hab,2024,WB_WDI_NY.GDP.MKTP.CD,PIB nominal WDI 2024 / poblacion 2024.
RG2025_V1,GMB,HUM_IDH,0.524,indice_0_1,2023,UNDP_HDR,
RG2025_V1,PSE,TERR_DENS,927.7397510373,hab/km2,2025,CALC_UNWPP_FAOSTAT_OWID,Poblacion 2025 / superficie terrestre 2023.
RG2025_V1,PSE,POB_URB,86.8576870416,%,2023,WB_WDI_SP.URB.TOTL.IN.ZS,Definicion urbana nacional armonizada por ONU/WDI.
RG2025_V1,PSE,POB_EDAD,19.763,anios,2023,OWID_MEDIAN_AGE,
RG2025_V1,PSE,HUM_EV,65.17,anios,2023,WB_WDI,
RG2025_V1,PSE,ECO_PC,2914.5763756797,USD_corrientes_por_hab,2024,WB_WDI_NY.GDP.MKTP.CD,PIB nominal WDI 2024 / poblacion 2024.
RG2025_V1,PSE,HUM_IDH,0.674,indice_0_1,2023,UNDP_HDR,
RG2025_V1,DEU,TERR_DENS,240.6063446184,hab/km2,2025,CALC_UNWPP_FAOSTAT_OWID,Poblacion 2025 / superficie terrestre 2023.
RG2025_V1,DEU,POB_URB,81.9034366692,%,2023,WB_WDI_SP.URB.TOTL.IN.ZS,Definicion urbana nacional armonizada por ONU/WDI.
RG2025_V1,DEU,POB_EDAD,45.147,anios,2023,OWID_MEDIAN_AGE,
RG2025_V1,DEU,HUM_EV,81.0414634146,anios,2023,WB_WDI,
RG2025_V1,DEU,ECO_PC,55416.5437876507,USD_corrientes_por_hab,2024,WB_WDI_NY.GDP.MKTP.CD,PIB nominal WDI 2024 / poblacion 2024.
RG2025_V1,DEU,HUM_IDH,0.959,indice_0_1,2023,UNDP_HDR,
RG2025_V1,GHA,TERR_DENS,154.1063362238,hab/km2,2025,CALC_UNWPP_FAOSTAT_OWID,Poblacion 2025 / superficie terrestre 2023.
RG2025_V1,GHA,POB_URB,57.8074737775,%,2023,WB_WDI_SP.URB.TOTL.IN.ZS,Definicion urbana nacional armonizada por ONU/WDI.
RG2025_V1,GHA,POB_EDAD,20.931,anios,2023,OWID_MEDIAN_AGE,
RG2025_V1,GHA,HUM_EV,65.498,anios,2023,WB_WDI,
RG2025_V1,GHA,ECO_PC,2419.251656435,USD_corrientes_por_hab,2024,WB_WDI_NY.GDP.MKTP.CD,PIB nominal WDI 2024 / poblacion 2024.
RG2025_V1,GHA,HUM_IDH,0.628,indice_0_1,2023,UNDP_HDR,
RG2025_V1,GIB,TERR_DENS,4015.2,hab/km2,2025,CALC_UNWPP_FAOSTAT_OWID,Poblacion 2025 / superficie terrestre 2023.
RG2025_V1,GIB,POB_URB,100,%,2023,WB_WDI_SP.URB.TOTL.IN.ZS,Definicion urbana nacional armonizada por ONU/WDI.
RG2025_V1,GIB,POB_EDAD,38.882,anios,2023,OWID_MEDIAN_AGE,
RG2025_V1,GIB,HUM_EV,83.553,anios,2023,WB_WDI,
RG2025_V1,KIR,TERR_DENS,168.524691358,hab/km2,2025,CALC_UNWPP_FAOSTAT_OWID,Poblacion 2025 / superficie terrestre 2023.
RG2025_V1,KIR,POB_URB,61.5244676194,%,2023,WB_WDI_SP.URB.TOTL.IN.ZS,Definicion urbana nacional armonizada por ONU/WDI.
RG2025_V1,KIR,POB_EDAD,22.686,anios,2023,OWID_MEDIAN_AGE,
RG2025_V1,KIR,HUM_EV,66.473,anios,2023,WB_WDI,
RG2025_V1,KIR,ECO_PC,2550.9268818781,USD_corrientes_por_hab,2024,WB_WDI_NY.GDP.MKTP.CD,PIB nominal WDI 2024 / poblacion 2024.
RG2025_V1,KIR,HUM_IDH,0.644,indice_0_1,2023,UNDP_HDR,
RG2025_V1,GRC,TERR_DENS,77.1050969744,hab/km2,2025,CALC_UNWPP_FAOSTAT_OWID,Poblacion 2025 / superficie terrestre 2023.
RG2025_V1,GRC,POB_URB,78.7746303842,%,2023,WB_WDI_SP.URB.TOTL.IN.ZS,Definicion urbana nacional armonizada por ONU/WDI.
RG2025_V1,GRC,POB_EDAD,45.747,anios,2023,OWID_MEDIAN_AGE,
RG2025_V1,GRC,HUM_EV,81.7365853659,anios,2023,WB_WDI,
RG2025_V1,GRC,ECO_PC,25501.9049198187,USD_corrientes_por_hab,2024,WB_WDI_NY.GDP.MKTP.CD,PIB nominal WDI 2024 / poblacion 2024.
RG2025_V1,GRC,HUM_IDH,0.908,indice_0_1,2023,UNDP_HDR,
RG2025_V1,GRL,TERR_DENS,0.1358679498,hab/km2,2025,CALC_UNWPP_FAOSTAT_OWID,Poblacion 2025 / superficie terrestre 2023.
RG2025_V1,GRL,POB_URB,88.063114775,%,2023,WB_WDI_SP.URB.TOTL.IN.ZS,Definicion urbana nacional armonizada por ONU/WDI.
RG2025_V1,GRL,POB_EDAD,34.229,anios,2023,OWID_MEDIAN_AGE,
RG2025_V1,GRL,HUM_EV,70.9724390244,anios,2023,WB_WDI,
RG2025_V1,GRD,TERR_DENS,345.0441176471,hab/km2,2025,CALC_UNWPP_FAOSTAT_OWID,Poblacion 2025 / superficie terrestre 2023.
RG2025_V1,GRD,POB_URB,36.4621282386,%,2023,WB_WDI_SP.URB.TOTL.IN.ZS,Definicion urbana nacional armonizada por ONU/WDI.
RG2025_V1,GRD,POB_EDAD,33.385,anios,2023,OWID_MEDIAN_AGE,
RG2025_V1,GRD,HUM_EV,75.205,anios,2023,WB_WDI,
RG2025_V1,GRD,ECO_PC,11527.8401812893,USD_corrientes_por_hab,2024,WB_WDI_NY.GDP.MKTP.CD,PIB nominal WDI 2024 / poblacion 2024.
RG2025_V1,GRD,HUM_IDH,0.791,indice_0_1,2023,UNDP_HDR,
RG2025_V1,GLP,TERR_DENS,230.7382716049,hab/km2,2025,CALC_UNWPP_FAOSTAT_OWID,Poblacion 2025 / superficie terrestre 2023.
RG2025_V1,GLP,POB_EDAD,46.574,anios,2023,OWID_MEDIAN_AGE,
RG2025_V1,GUM,TERR_DENS,312.9888888889,hab/km2,2025,CALC_UNWPP_FAOSTAT_OWID,Poblacion 2025 / superficie terrestre 2023.
RG2025_V1,GUM,POB_URB,94.1349341639,%,2023,WB_WDI_SP.URB.TOTL.IN.ZS,Definicion urbana nacional armonizada por ONU/WDI.
RG2025_V1,GUM,POB_EDAD,31.12,anios,2023,OWID_MEDIAN_AGE,
RG2025_V1,GUM,HUM_EV,77.209,anios,2023,WB_WDI,
RG2025_V1,GTM,TERR_DENS,174.3923198955,hab/km2,2025,CALC_UNWPP_FAOSTAT_OWID,Poblacion 2025 / superficie terrestre 2023.
RG2025_V1,GTM,POB_URB,55.6082319566,%,2023,WB_WDI_SP.URB.TOTL.IN.ZS,Definicion urbana nacional armonizada por ONU/WDI.
RG2025_V1,GTM,POB_EDAD,22.63,anios,2023,OWID_MEDIAN_AGE,
RG2025_V1,GTM,HUM_EV,72.602,anios,2023,WB_WDI,
RG2025_V1,GTM,ECO_PC,6150.8923136096,USD_corrientes_por_hab,2024,WB_WDI_NY.GDP.MKTP.CD,PIB nominal WDI 2024 / poblacion 2024.
RG2025_V1,GTM,HUM_IDH,0.662,indice_0_1,2023,UNDP_HDR,
RG2025_V1,GIN,TERR_DENS,61.4509645125,hab/km2,2025,CALC_UNWPP_FAOSTAT_OWID,Poblacion 2025 / superficie terrestre 2023.
RG2025_V1,GIN,POB_URB,37.6454083955,%,2023,WB_WDI_SP.URB.TOTL.IN.ZS,Definicion urbana nacional armonizada por ONU/WDI.
RG2025_V1,GIN,POB_EDAD,17.984,anios,2023,OWID_MEDIAN_AGE,
RG2025_V1,GIN,HUM_EV,60.74,anios,2023,WB_WDI,
RG2025_V1,GIN,ECO_PC,1694.9544478712,USD_corrientes_por_hab,2024,WB_WDI_NY.GDP.MKTP.CD,PIB nominal WDI 2024 / poblacion 2024.
RG2025_V1,GIN,HUM_IDH,0.5,indice_0_1,2023,UNDP_HDR,
RG2025_V1,GUY,TERR_DENS,3.9594155537,hab/km2,2025,CALC_UNWPP_FAOSTAT_OWID,Poblacion 2025 / superficie terrestre 2023.
RG2025_V1,GUY,POB_URB,26.465145728,%,2023,WB_WDI_SP.URB.TOTL.IN.ZS,Definicion urbana nacional armonizada por ONU/WDI.
RG2025_V1,GUY,POB_EDAD,25.607,anios,2023,OWID_MEDIAN_AGE,
RG2025_V1,GUY,HUM_EV,70.18,anios,2023,WB_WDI,
RG2025_V1,GUY,ECO_PC,29675.0716266038,USD_corrientes_por_hab,2024,WB_WDI_NY.GDP.MKTP.CD,PIB nominal WDI 2024 / poblacion 2024.
RG2025_V1,GUY,HUM_IDH,0.776,indice_0_1,2023,UNDP_HDR,
RG2025_V1,HTI,TERR_DENS,432.0063134978,hab/km2,2025,CALC_UNWPP_FAOSTAT_OWID,Poblacion 2025 / superficie terrestre 2023.
RG2025_V1,HTI,POB_URB,54.4496819336,%,2023,WB_WDI_SP.URB.TOTL.IN.ZS,Definicion urbana nacional armonizada por ONU/WDI.
RG2025_V1,HTI,POB_EDAD,23.511,anios,2023,OWID_MEDIAN_AGE,
RG2025_V1,HTI,HUM_EV,64.936,anios,2023,WB_WDI,
RG2025_V1,HTI,ECO_PC,2060.3550426195,USD_corrientes_por_hab,2024,WB_WDI_NY.GDP.MKTP.CD,PIB nominal WDI 2024 / poblacion 2024.
RG2025_V1,HTI,HUM_IDH,0.554,indice_0_1,2023,UNDP_HDR,
RG2025_V1,VAT,TERR_DENS,1159.0909090909,hab/km2,2025,CALC_UNWPP_FAOSTAT_OWID,Poblacion 2025 / superficie terrestre 2023.
RG2025_V1,VAT,POB_EDAD,59.625,anios,2023,OWID_MEDIAN_AGE,
RG2025_V1,HND,TERR_DENS,98.363142372,hab/km2,2025,CALC_UNWPP_FAOSTAT_OWID,Poblacion 2025 / superficie terrestre 2023.
RG2025_V1,HND,POB_URB,58.3132392705,%,2023,WB_WDI_SP.URB.TOTL.IN.ZS,Definicion urbana nacional armonizada por ONU/WDI.
RG2025_V1,HND,POB_EDAD,23.546,anios,2023,OWID_MEDIAN_AGE,
RG2025_V1,HND,HUM_EV,72.884,anios,2023,WB_WDI,
RG2025_V1,HND,ECO_PC,3415.9599636255,USD_corrientes_por_hab,2024,WB_WDI_NY.GDP.MKTP.CD,PIB nominal WDI 2024 / poblacion 2024.
RG2025_V1,HND,HUM_IDH,0.645,indice_0_1,2023,UNDP_HDR,
RG2025_V1,HKG,TERR_DENS,7043.880952381,hab/km2,2025,CALC_UNWPP_FAOSTAT_OWID,Poblacion 2025 / superficie terrestre 2023.
RG2025_V1,HKG,POB_URB,100,%,2023,WB_WDI_SP.URB.TOTL.IN.ZS,Definicion urbana nacional armonizada por ONU/WDI.
RG2025_V1,HKG,POB_EDAD,46.155,anios,2023,OWID_MEDIAN_AGE,
RG2025_V1,HKG,HUM_EV,85.2473170732,anios,2023,WB_WDI,
RG2025_V1,HKG,ECO_PC,55073.960725023,USD_corrientes_por_hab,2024,WB_WDI_NY.GDP.MKTP.CD,PIB nominal WDI 2024 / poblacion 2024.
RG2025_V1,HKG,HUM_IDH,0.955,indice_0_1,2023,UNDP_HDR,
RG2025_V1,HUN,TERR_DENS,105.5477317554,hab/km2,2025,CALC_UNWPP_FAOSTAT_OWID,Poblacion 2025 / superficie terrestre 2023.
RG2025_V1,HUN,POB_URB,70.2923026891,%,2023,WB_WDI_SP.URB.TOTL.IN.ZS,Definicion urbana nacional armonizada por ONU/WDI.
RG2025_V1,HUN,POB_EDAD,43.317,anios,2023,OWID_MEDIAN_AGE,
RG2025_V1,HUN,HUM_EV,76.5707317073,anios,2023,WB_WDI,
RG2025_V1,HUN,ECO_PC,23030.7050319541,USD_corrientes_por_hab,2024,WB_WDI_NY.GDP.MKTP.CD,PIB nominal WDI 2024 / poblacion 2024.
RG2025_V1,HUN,HUM_IDH,0.87,indice_0_1,2023,UNDP_HDR,
RG2025_V1,ISL,TERR_DENS,3.9499156997,hab/km2,2025,CALC_UNWPP_FAOSTAT_OWID,Poblacion 2025 / superficie terrestre 2023.
RG2025_V1,ISL,POB_URB,94.1518261785,%,2023,WB_WDI_SP.URB.TOTL.IN.ZS,Definicion urbana nacional armonizada por ONU/WDI.
RG2025_V1,ISL,POB_EDAD,35.808,anios,2023,OWID_MEDIAN_AGE,
RG2025_V1,ISL,HUM_EV,82.456097561,anios,2023,WB_WDI,
RG2025_V1,ISL,ECO_PC,84357.6116536825,USD_corrientes_por_hab,2024,WB_WDI_NY.GDP.MKTP.CD,PIB nominal WDI 2024 / poblacion 2024.
RG2025_V1,ISL,HUM_IDH,0.972,indice_0_1,2023,UNDP_HDR,
RG2025_V1,IND,TERR_DENS,492.3551898802,hab/km2,2025,CALC_UNWPP_FAOSTAT_OWID,Poblacion 2025 / superficie terrestre 2023.
RG2025_V1,IND,POB_URB,35.0676918424,%,2023,WB_WDI_SP.URB.TOTL.IN.ZS,Definicion urbana nacional armonizada por ONU/WDI.
RG2025_V1,IND,POB_EDAD,28.06,anios,2023,OWID_MEDIAN_AGE,
RG2025_V1,IND,HUM_EV,72.003,anios,2023,WB_WDI,
RG2025_V1,IND,ECO_PC,2591.9916714308,USD_corrientes_por_hab,2024,WB_WDI_NY.GDP.MKTP.CD,PIB nominal WDI 2024 / poblacion 2024.
RG2025_V1,IND,HUM_IDH,0.685,indice_0_1,2023,UNDP_HDR,
RG2025_V1,IDN,TERR_DENS,150.971123436,hab/km2,2025,CALC_UNWPP_FAOSTAT_OWID,Poblacion 2025 / superficie terrestre 2023.
RG2025_V1,IDN,POB_URB,58.1179353398,%,2023,WB_WDI_SP.URB.TOTL.IN.ZS,Definicion urbana nacional armonizada por ONU/WDI.
RG2025_V1,IDN,POB_EDAD,29.831,anios,2023,OWID_MEDIAN_AGE,
RG2025_V1,IDN,HUM_EV,71.146,anios,2023,WB_WDI,
RG2025_V1,IDN,ECO_PC,4925.4364151778,USD_corrientes_por_hab,2024,WB_WDI_NY.GDP.MKTP.CD,PIB nominal WDI 2024 / poblacion 2024.
RG2025_V1,IDN,HUM_IDH,0.728,indice_0_1,2023,UNDP_HDR,
RG2025_V1,IRN,TERR_DENS,56.960051772,hab/km2,2025,CALC_UNWPP_FAOSTAT_OWID,Poblacion 2025 / superficie terrestre 2023.
RG2025_V1,IRN,POB_URB,76.6759567261,%,2023,WB_WDI_SP.URB.TOTL.IN.ZS,Definicion urbana nacional armonizada por ONU/WDI.
RG2025_V1,IRN,POB_EDAD,32.866,anios,2023,OWID_MEDIAN_AGE,
RG2025_V1,IRN,HUM_EV,77.654,anios,2023,WB_WDI,
RG2025_V1,IRN,ECO_PC,5190.1696469294,USD_corrientes_por_hab,2024,WB_WDI_NY.GDP.MKTP.CD,PIB nominal WDI 2024 / poblacion 2024.
RG2025_V1,IRN,HUM_IDH,0.799,indice_0_1,2023,UNDP_HDR,
RG2025_V1,IRQ,TERR_DENS,108.3103632552,hab/km2,2025,CALC_UNWPP_FAOSTAT_OWID,Poblacion 2025 / superficie terrestre 2023.
RG2025_V1,IRQ,POB_URB,69.8682785034,%,2023,WB_WDI_SP.URB.TOTL.IN.ZS,Definicion urbana nacional armonizada por ONU/WDI.
RG2025_V1,IRQ,POB_EDAD,20.345,anios,2023,OWID_MEDIAN_AGE,
RG2025_V1,IRQ,HUM_EV,72.324,anios,2023,WB_WDI,
RG2025_V1,IRQ,ECO_PC,6073.6103234271,USD_corrientes_por_hab,2024,WB_WDI_NY.GDP.MKTP.CD,PIB nominal WDI 2024 / poblacion 2024.
RG2025_V1,IRQ,HUM_IDH,0.695,indice_0_1,2023,UNDP_HDR,
RG2025_V1,IRL,TERR_DENS,77.0508782116,hab/km2,2025,CALC_UNWPP_FAOSTAT_OWID,Poblacion 2025 / superficie terrestre 2023.
RG2025_V1,IRL,POB_URB,64.1152082461,%,2023,WB_WDI_SP.URB.TOTL.IN.ZS,Definicion urbana nacional armonizada por ONU/WDI.
RG2025_V1,IRL,POB_EDAD,38.416,anios,2023,OWID_MEDIAN_AGE,
RG2025_V1,IRL,HUM_EV,82.8073170732,anios,2023,WB_WDI,
RG2025_V1,IRL,ECO_PC,115919.2397791377,USD_corrientes_por_hab,2024,WB_WDI_NY.GDP.MKTP.CD,PIB nominal WDI 2024 / poblacion 2024.
RG2025_V1,IRL,HUM_IDH,0.949,indice_0_1,2023,UNDP_HDR,
RG2025_V1,ISR,TERR_DENS,439.7958410351,hab/km2,2025,CALC_UNWPP_FAOSTAT_OWID,Poblacion 2025 / superficie terrestre 2023.
RG2025_V1,ISR,POB_URB,91.5089569795,%,2023,WB_WDI_SP.URB.TOTL.IN.ZS,Definicion urbana nacional armonizada por ONU/WDI.
RG2025_V1,ISR,POB_EDAD,29.15,anios,2023,OWID_MEDIAN_AGE,
RG2025_V1,ISR,HUM_EV,83.1951219512,anios,2023,WB_WDI,
RG2025_V1,ISR,ECO_PC,57769.6418393683,USD_corrientes_por_hab,2024,WB_WDI_NY.GDP.MKTP.CD,PIB nominal WDI 2024 / poblacion 2024.
RG2025_V1,ISR,HUM_IDH,0.919,indice_0_1,2023,UNDP_HDR,
RG2025_V1,ITA,TERR_DENS,200.0076525091,hab/km2,2025,CALC_UNWPP_FAOSTAT_OWID,Poblacion 2025 / superficie terrestre 2023.
RG2025_V1,ITA,POB_URB,69.5381540123,%,2023,WB_WDI_SP.URB.TOTL.IN.ZS,Definicion urbana nacional armonizada por ONU/WDI.
RG2025_V1,ITA,POB_EDAD,47.461,anios,2023,OWID_MEDIAN_AGE,
RG2025_V1,ITA,HUM_EV,83.3512195122,anios,2023,WB_WDI,
RG2025_V1,ITA,ECO_PC,40163.8067464233,USD_corrientes_por_hab,2024,WB_WDI_NY.GDP.MKTP.CD,PIB nominal WDI 2024 / poblacion 2024.
RG2025_V1,ITA,HUM_IDH,0.915,indice_0_1,2023,UNDP_HDR,
RG2025_V1,CIV,TERR_DENS,102.8664968553,hab/km2,2025,CALC_UNWPP_FAOSTAT_OWID,Poblacion 2025 / superficie terrestre 2023.
RG2025_V1,CIV,POB_URB,53.4075201639,%,2023,WB_WDI_SP.URB.TOTL.IN.ZS,Definicion urbana nacional armonizada por ONU/WDI.
RG2025_V1,CIV,POB_EDAD,18.097,anios,2023,OWID_MEDIAN_AGE,
RG2025_V1,CIV,HUM_EV,61.944,anios,2023,WB_WDI,
RG2025_V1,CIV,ECO_PC,2727.8936074919,USD_corrientes_por_hab,2024,WB_WDI_NY.GDP.MKTP.CD,PIB nominal WDI 2024 / poblacion 2024.
RG2025_V1,CIV,HUM_IDH,0.582,indice_0_1,2023,UNDP_HDR,
RG2025_V1,JAM,TERR_DENS,261.9649122807,hab/km2,2025,CALC_UNWPP_FAOSTAT_OWID,Poblacion 2025 / superficie terrestre 2023.
RG2025_V1,JAM,POB_URB,58.4510149367,%,2023,WB_WDI_SP.URB.TOTL.IN.ZS,Definicion urbana nacional armonizada por ONU/WDI.
RG2025_V1,JAM,POB_EDAD,31.673,anios,2023,OWID_MEDIAN_AGE,
RG2025_V1,JAM,HUM_EV,71.479,anios,2023,WB_WDI,
RG2025_V1,JAM,ECO_PC,7753.7928357532,USD_corrientes_por_hab,2024,WB_WDI_NY.GDP.MKTP.CD,PIB nominal WDI 2024 / poblacion 2024.
RG2025_V1,JAM,HUM_IDH,0.72,indice_0_1,2023,UNDP_HDR,
RG2025_V1,JPN,TERR_DENS,337.6683123349,hab/km2,2025,CALC_UNWPP_FAOSTAT_OWID,Poblacion 2025 / superficie terrestre 2023.
RG2025_V1,JPN,POB_URB,92.0826903891,%,2023,WB_WDI_SP.URB.TOTL.IN.ZS,Definicion urbana nacional armonizada por ONU/WDI.
RG2025_V1,JPN,POB_EDAD,48.958,anios,2023,OWID_MEDIAN_AGE,
RG2025_V1,JPN,HUM_EV,84.0412195122,anios,2023,WB_WDI,
RG2025_V1,JPN,ECO_PC,33857.8200139629,USD_corrientes_por_hab,2024,WB_WDI_NY.GDP.MKTP.CD,PIB nominal WDI 2024 / poblacion 2024.
RG2025_V1,JPN,HUM_IDH,0.925,indice_0_1,2023,UNDP_HDR,
RG2025_V1,KAZ,TERR_DENS,7.7207682335,hab/km2,2025,CALC_UNWPP_FAOSTAT_OWID,Poblacion 2025 / superficie terrestre 2023.
RG2025_V1,KAZ,POB_URB,61.7560919499,%,2023,WB_WDI_SP.URB.TOTL.IN.ZS,Definicion urbana nacional armonizada por ONU/WDI.
RG2025_V1,KAZ,POB_EDAD,29.464,anios,2023,OWID_MEDIAN_AGE,
RG2025_V1,KAZ,HUM_EV,74.402,anios,2023,WB_WDI,
RG2025_V1,KAZ,ECO_PC,14154.63043371,USD_corrientes_por_hab,2024,WB_WDI_NY.GDP.MKTP.CD,PIB nominal WDI 2024 / poblacion 2024.
RG2025_V1,KAZ,HUM_IDH,0.837,indice_0_1,2023,UNDP_HDR,
RG2025_V1,JOR,TERR_DENS,129.7462328536,hab/km2,2025,CALC_UNWPP_FAOSTAT_OWID,Poblacion 2025 / superficie terrestre 2023.
RG2025_V1,JOR,POB_URB,92.6822368683,%,2023,WB_WDI_SP.URB.TOTL.IN.ZS,Definicion urbana nacional armonizada por ONU/WDI.
RG2025_V1,JOR,POB_EDAD,24.279,anios,2023,OWID_MEDIAN_AGE,
RG2025_V1,JOR,HUM_EV,77.814,anios,2023,WB_WDI,
RG2025_V1,JOR,ECO_PC,5073.9170833415,USD_corrientes_por_hab,2024,WB_WDI_NY.GDP.MKTP.CD,PIB nominal WDI 2024 / poblacion 2024.
RG2025_V1,JOR,HUM_IDH,0.754,indice_0_1,2023,UNDP_HDR,
RG2025_V1,KEN,TERR_DENS,99.0443111225,hab/km2,2025,CALC_UNWPP_FAOSTAT_OWID,Poblacion 2025 / superficie terrestre 2023.
RG2025_V1,KEN,POB_URB,31.6330340816,%,2023,WB_WDI_SP.URB.TOTL.IN.ZS,Definicion urbana nacional armonizada por ONU/WDI.
RG2025_V1,KEN,POB_EDAD,19.526,anios,2023,OWID_MEDIAN_AGE,
RG2025_V1,KEN,HUM_EV,63.646,anios,2023,WB_WDI,
RG2025_V1,KEN,ECO_PC,2133.4618584298,USD_corrientes_por_hab,2024,WB_WDI_NY.GDP.MKTP.CD,PIB nominal WDI 2024 / poblacion 2024.
RG2025_V1,KEN,HUM_IDH,0.628,indice_0_1,2023,UNDP_HDR,
RG2025_V1,PRK,TERR_DENS,220.6713977244,hab/km2,2025,CALC_UNWPP_FAOSTAT_OWID,Poblacion 2025 / superficie terrestre 2023.
RG2025_V1,PRK,POB_URB,63.5382165423,%,2023,WB_WDI_SP.URB.TOTL.IN.ZS,Definicion urbana nacional armonizada por ONU/WDI.
RG2025_V1,PRK,POB_EDAD,36.048,anios,2023,OWID_MEDIAN_AGE,
RG2025_V1,PRK,HUM_EV,73.642,anios,2023,WB_WDI,
RG2025_V1,KOR,TERR_DENS,529.3753586066,hab/km2,2025,CALC_UNWPP_FAOSTAT_OWID,Poblacion 2025 / superficie terrestre 2023.
RG2025_V1,KOR,POB_URB,81.164555172,%,2023,WB_WDI_SP.URB.TOTL.IN.ZS,Definicion urbana nacional armonizada por ONU/WDI.
RG2025_V1,KOR,POB_EDAD,44.486,anios,2023,OWID_MEDIAN_AGE,
RG2025_V1,KOR,HUM_EV,83.4292682927,anios,2023,WB_WDI,
RG2025_V1,KOR,ECO_PC,36262.0980249291,USD_corrientes_por_hab,2024,WB_WDI_NY.GDP.MKTP.CD,PIB nominal WDI 2024 / poblacion 2024.
RG2025_V1,KOR,HUM_IDH,0.937,indice_0_1,2023,UNDP_HDR,
RG2025_V1,KWT,TERR_DENS,282.0470819304,hab/km2,2025,CALC_UNWPP_FAOSTAT_OWID,Poblacion 2025 / superficie terrestre 2023.
RG2025_V1,KWT,POB_URB,100,%,2023,WB_WDI_SP.URB.TOTL.IN.ZS,Definicion urbana nacional armonizada por ONU/WDI.
RG2025_V1,KWT,POB_EDAD,34.499,anios,2023,OWID_MEDIAN_AGE,
RG2025_V1,KWT,HUM_EV,83.187804878,anios,2023,WB_WDI,
RG2025_V1,KWT,ECO_PC,32607.7304240328,USD_corrientes_por_hab,2024,WB_WDI_NY.GDP.MKTP.CD,PIB nominal WDI 2024 / poblacion 2024.
RG2025_V1,KWT,HUM_IDH,0.852,indice_0_1,2023,UNDP_HDR,
RG2025_V1,KGZ,TERR_DENS,38.0346037539,hab/km2,2025,CALC_UNWPP_FAOSTAT_OWID,Poblacion 2025 / superficie terrestre 2023.
RG2025_V1,KGZ,POB_URB,34.7064391754,%,2023,WB_WDI_SP.URB.TOTL.IN.ZS,Definicion urbana nacional armonizada por ONU/WDI.
RG2025_V1,KGZ,POB_EDAD,25.127,anios,2023,OWID_MEDIAN_AGE,
RG2025_V1,KGZ,HUM_EV,72.2487804878,anios,2023,WB_WDI,
RG2025_V1,KGZ,ECO_PC,2527.358101293,USD_corrientes_por_hab,2024,WB_WDI_NY.GDP.MKTP.CD,PIB nominal WDI 2024 / poblacion 2024.
RG2025_V1,KGZ,HUM_IDH,0.72,indice_0_1,2023,UNDP_HDR,
RG2025_V1,LAO,TERR_DENS,34.1119930676,hab/km2,2025,CALC_UNWPP_FAOSTAT_OWID,Poblacion 2025 / superficie terrestre 2023.
RG2025_V1,LAO,POB_URB,38.8070088517,%,2023,WB_WDI_SP.URB.TOTL.IN.ZS,Definicion urbana nacional armonizada por ONU/WDI.
RG2025_V1,LAO,POB_EDAD,24.284,anios,2023,OWID_MEDIAN_AGE,
RG2025_V1,LAO,HUM_EV,68.964,anios,2023,WB_WDI,
RG2025_V1,LAO,ECO_PC,2123.9780007006,USD_corrientes_por_hab,2024,WB_WDI_NY.GDP.MKTP.CD,PIB nominal WDI 2024 / poblacion 2024.
RG2025_V1,LAO,HUM_IDH,0.617,indice_0_1,2023,UNDP_HDR,
RG2025_V1,LBN,TERR_DENS,571.7911045943,hab/km2,2025,CALC_UNWPP_FAOSTAT_OWID,Poblacion 2025 / superficie terrestre 2023.
RG2025_V1,LBN,POB_URB,90.4524074198,%,2023,WB_WDI_SP.URB.TOTL.IN.ZS,Definicion urbana nacional armonizada por ONU/WDI.
RG2025_V1,LBN,POB_EDAD,28.323,anios,2023,OWID_MEDIAN_AGE,
RG2025_V1,LBN,HUM_EV,77.817,anios,2023,WB_WDI,
RG2025_V1,LBN,ECO_PC,4473.2713444113,USD_corrientes_por_hab,2024,WB_WDI_NY.GDP.MKTP.CD,PIB nominal WDI 2024 / poblacion 2024.
RG2025_V1,LBN,HUM_IDH,0.752,indice_0_1,2023,UNDP_HDR,
RG2025_V1,LSO,TERR_DENS,77.843544137,hab/km2,2025,CALC_UNWPP_FAOSTAT_OWID,Poblacion 2025 / superficie terrestre 2023.
RG2025_V1,LSO,POB_URB,42.6781596805,%,2023,WB_WDI_SP.URB.TOTL.IN.ZS,Definicion urbana nacional armonizada por ONU/WDI.
RG2025_V1,LSO,POB_EDAD,21.427,anios,2023,OWID_MEDIAN_AGE,
RG2025_V1,LSO,HUM_EV,57.375,anios,2023,WB_WDI,
RG2025_V1,LSO,ECO_PC,1023.0400884221,USD_corrientes_por_hab,2024,WB_WDI_NY.GDP.MKTP.CD,PIB nominal WDI 2024 / poblacion 2024.
RG2025_V1,LSO,HUM_IDH,0.55,indice_0_1,2023,UNDP_HDR,
RG2025_V1,LVA,TERR_DENS,29.7856339386,hab/km2,2025,CALC_UNWPP_FAOSTAT_OWID,Poblacion 2025 / superficie terrestre 2023.
RG2025_V1,LVA,POB_URB,68.3586316343,%,2023,WB_WDI_SP.URB.TOTL.IN.ZS,Definicion urbana nacional armonizada por ONU/WDI.
RG2025_V1,LVA,POB_EDAD,43.078,anios,2023,OWID_MEDIAN_AGE,
RG2025_V1,LVA,HUM_EV,75.4268292683,anios,2023,WB_WDI,
RG2025_V1,LVA,ECO_PC,23506.5367714996,USD_corrientes_por_hab,2024,WB_WDI_NY.GDP.MKTP.CD,PIB nominal WDI 2024 / poblacion 2024.
RG2025_V1,LVA,HUM_IDH,0.889,indice_0_1,2023,UNDP_HDR,
RG2025_V1,LBR,TERR_DENS,59.5017234219,hab/km2,2025,CALC_UNWPP_FAOSTAT_OWID,Poblacion 2025 / superficie terrestre 2023.
RG2025_V1,LBR,POB_URB,54.9978634822,%,2023,WB_WDI_SP.URB.TOTL.IN.ZS,Definicion urbana nacional armonizada por ONU/WDI.
RG2025_V1,LBR,POB_EDAD,18.358,anios,2023,OWID_MEDIAN_AGE,
RG2025_V1,LBR,HUM_EV,62.163,anios,2023,WB_WDI,
RG2025_V1,LBR,ECO_PC,851.4983306944,USD_corrientes_por_hab,2024,WB_WDI_NY.GDP.MKTP.CD,PIB nominal WDI 2024 / poblacion 2024.
RG2025_V1,LBR,HUM_IDH,0.51,indice_0_1,2023,UNDP_HDR,
RG2025_V1,LBY,TERR_DENS,4.238922673,hab/km2,2025,CALC_UNWPP_FAOSTAT_OWID,Poblacion 2025 / superficie terrestre 2023.
RG2025_V1,LBY,POB_URB,87.864719792,%,2023,WB_WDI_SP.URB.TOTL.IN.ZS,Definicion urbana nacional armonizada por ONU/WDI.
RG2025_V1,LBY,POB_EDAD,27.196,anios,2023,OWID_MEDIAN_AGE,
RG2025_V1,LBY,HUM_EV,69.339,anios,2023,WB_WDI,
RG2025_V1,LBY,ECO_PC,6569.1587467472,USD_corrientes_por_hab,2024,WB_WDI_NY.GDP.MKTP.CD,PIB nominal WDI 2024 / poblacion 2024.
RG2025_V1,LBY,HUM_IDH,0.721,indice_0_1,2023,UNDP_HDR,
RG2025_V1,LIE,TERR_DENS,250.9625,hab/km2,2025,CALC_UNWPP_FAOSTAT_OWID,Poblacion 2025 / superficie terrestre 2023.
RG2025_V1,LIE,POB_URB,14.6783761234,%,2023,WB_WDI_SP.URB.TOTL.IN.ZS,Definicion urbana nacional armonizada por ONU/WDI.
RG2025_V1,LIE,POB_EDAD,44.199,anios,2023,OWID_MEDIAN_AGE,
RG2025_V1,LIE,HUM_EV,84.5951219512,anios,2023,WB_WDI,
RG2025_V1,LIE,ECO_PC,223230.0857351898,USD_corrientes_por_hab,2024,WB_WDI_NY.GDP.MKTP.CD,PIB nominal WDI 2024 / poblacion 2024.
RG2025_V1,LIE,HUM_IDH,0.938,indice_0_1,2023,UNDP_HDR,
RG2025_V1,LTU,TERR_DENS,45.2100638978,hab/km2,2025,CALC_UNWPP_FAOSTAT_OWID,Poblacion 2025 / superficie terrestre 2023.
RG2025_V1,LTU,POB_URB,68.5754545832,%,2023,WB_WDI_SP.URB.TOTL.IN.ZS,Definicion urbana nacional armonizada por ONU/WDI.
RG2025_V1,LTU,POB_EDAD,42.119,anios,2023,OWID_MEDIAN_AGE,
RG2025_V1,LTU,HUM_EV,77.2902439024,anios,2023,WB_WDI,
RG2025_V1,LTU,ECO_PC,29905.7674458246,USD_corrientes_por_hab,2024,WB_WDI_NY.GDP.MKTP.CD,PIB nominal WDI 2024 / poblacion 2024.
RG2025_V1,LTU,HUM_IDH,0.895,indice_0_1,2023,UNDP_HDR,
RG2025_V1,LUX,TERR_DENS,264.3093880418,hab/km2,2025,CALC_UNWPP_FAOSTAT_OWID,Poblacion 2025 / superficie terrestre 2023.
RG2025_V1,LUX,POB_URB,94.8015300321,%,2023,WB_WDI_SP.URB.TOTL.IN.ZS,Definicion urbana nacional armonizada por ONU/WDI.
RG2025_V1,LUX,POB_EDAD,38.892,anios,2023,OWID_MEDIAN_AGE,
RG2025_V1,LUX,HUM_EV,83.3097560976,anios,2023,WB_WDI,
RG2025_V1,LUX,ECO_PC,138594.3995521917,USD_corrientes_por_hab,2024,WB_WDI_NY.GDP.MKTP.CD,PIB nominal WDI 2024 / poblacion 2024.
RG2025_V1,LUX,HUM_IDH,0.922,indice_0_1,2023,UNDP_HDR,
RG2025_V1,MAC,TERR_DENS,21879.3333333333,hab/km2,2025,CALC_UNWPP_FAOSTAT_OWID,Poblacion 2025 / superficie terrestre 2023.
RG2025_V1,MAC,POB_URB,100,%,2023,WB_WDI_SP.URB.TOTL.IN.ZS,Definicion urbana nacional armonizada por ONU/WDI.
RG2025_V1,MAC,POB_EDAD,38.31,anios,2023,OWID_MEDIAN_AGE,
RG2025_V1,MAC,HUM_EV,83.1804878049,anios,2023,WB_WDI,
RG2025_V1,MAC,ECO_PC,68678.7717429914,USD_corrientes_por_hab,2024,WB_WDI_NY.GDP.MKTP.CD,PIB nominal WDI 2024 / poblacion 2024.
RG2025_V1,MDG,TERR_DENS,56.2748057752,hab/km2,2025,CALC_UNWPP_FAOSTAT_OWID,Poblacion 2025 / superficie terrestre 2023.
RG2025_V1,MDG,POB_URB,31.9799438861,%,2023,WB_WDI_SP.URB.TOTL.IN.ZS,Definicion urbana nacional armonizada por ONU/WDI.
RG2025_V1,MDG,POB_EDAD,18.877,anios,2023,OWID_MEDIAN_AGE,
RG2025_V1,MDG,HUM_EV,63.632,anios,2023,WB_WDI,
RG2025_V1,MDG,ECO_PC,550.3786864158,USD_corrientes_por_hab,2024,WB_WDI_NY.GDP.MKTP.CD,PIB nominal WDI 2024 / poblacion 2024.
RG2025_V1,MDG,HUM_IDH,0.487,indice_0_1,2023,UNDP_HDR,
RG2025_V1,MWI,TERR_DENS,235.6397751379,hab/km2,2025,CALC_UNWPP_FAOSTAT_OWID,Poblacion 2025 / superficie terrestre 2023.
RG2025_V1,MWI,POB_URB,16.9748746665,%,2023,WB_WDI_SP.URB.TOTL.IN.ZS,Definicion urbana nacional armonizada por ONU/WDI.
RG2025_V1,MWI,POB_EDAD,17.58,anios,2023,OWID_MEDIAN_AGE,
RG2025_V1,MWI,HUM_EV,67.353,anios,2023,WB_WDI,
RG2025_V1,MWI,ECO_PC,522.3653179023,USD_corrientes_por_hab,2024,WB_WDI_NY.GDP.MKTP.CD,PIB nominal WDI 2024 / poblacion 2024.
RG2025_V1,MWI,HUM_IDH,0.517,indice_0_1,2023,UNDP_HDR,
RG2025_V1,MYS,TERR_DENS,109.5048972759,hab/km2,2025,CALC_UNWPP_FAOSTAT_OWID,Poblacion 2025 / superficie terrestre 2023.
RG2025_V1,MYS,POB_URB,76.4434752106,%,2023,WB_WDI_SP.URB.TOTL.IN.ZS,Definicion urbana nacional armonizada por ONU/WDI.
RG2025_V1,MYS,POB_EDAD,30.058,anios,2023,OWID_MEDIAN_AGE,
RG2025_V1,MYS,HUM_EV,76.657,anios,2023,WB_WDI,
RG2025_V1,MYS,ECO_PC,11874.4283702697,USD_corrientes_por_hab,2024,WB_WDI_NY.GDP.MKTP.CD,PIB nominal WDI 2024 / poblacion 2024.
RG2025_V1,MYS,HUM_IDH,0.819,indice_0_1,2023,UNDP_HDR,
RG2025_V1,MDV,TERR_DENS,1777.4496644295,hab/km2,2025,CALC_UNWPP_FAOSTAT_OWID,Poblacion 2025 / superficie terrestre 2023.
RG2025_V1,MDV,POB_URB,41.5096832934,%,2023,WB_WDI_SP.URB.TOTL.IN.ZS,Definicion urbana nacional armonizada por ONU/WDI.
RG2025_V1,MDV,POB_EDAD,31.124,anios,2023,OWID_MEDIAN_AGE,
RG2025_V1,MDV,HUM_EV,81.041,anios,2023,WB_WDI,
RG2025_V1,MDV,ECO_PC,13379.3006592532,USD_corrientes_por_hab,2024,WB_WDI_NY.GDP.MKTP.CD,PIB nominal WDI 2024 / poblacion 2024.
RG2025_V1,MDV,HUM_IDH,0.766,indice_0_1,2023,UNDP_HDR,
RG2025_V1,MLI,TERR_DENS,20.6515534466,hab/km2,2025,CALC_UNWPP_FAOSTAT_OWID,Poblacion 2025 / superficie terrestre 2023.
RG2025_V1,MLI,POB_URB,31.0031889023,%,2023,WB_WDI_SP.URB.TOTL.IN.ZS,Definicion urbana nacional armonizada por ONU/WDI.
RG2025_V1,MLI,POB_EDAD,15.466,anios,2023,OWID_MEDIAN_AGE,
RG2025_V1,MLI,HUM_EV,60.439,anios,2023,WB_WDI,
RG2025_V1,MLI,ECO_PC,1093.2522430418,USD_corrientes_por_hab,2024,WB_WDI_NY.GDP.MKTP.CD,PIB nominal WDI 2024 / poblacion 2024.
RG2025_V1,MLI,HUM_IDH,0.419,indice_0_1,2023,UNDP_HDR,
RG2025_V1,MLT,TERR_DENS,1704.39375,hab/km2,2025,CALC_UNWPP_FAOSTAT_OWID,Poblacion 2025 / superficie terrestre 2023.
RG2025_V1,MLT,POB_URB,95.6272277148,%,2023,WB_WDI_SP.URB.TOTL.IN.ZS,Definicion urbana nacional armonizada por ONU/WDI.
RG2025_V1,MLT,POB_EDAD,40.281,anios,2023,OWID_MEDIAN_AGE,
RG2025_V1,MLT,HUM_EV,83.356097561,anios,2023,WB_WDI,
RG2025_V1,MLT,ECO_PC,46408.7384849264,USD_corrientes_por_hab,2024,WB_WDI_NY.GDP.MKTP.CD,PIB nominal WDI 2024 / poblacion 2024.
RG2025_V1,MLT,HUM_IDH,0.924,indice_0_1,2023,UNDP_HDR,
RG2025_V1,MTQ,TERR_DENS,321.1801886792,hab/km2,2025,CALC_UNWPP_FAOSTAT_OWID,Poblacion 2025 / superficie terrestre 2023.
RG2025_V1,MTQ,POB_EDAD,48.788,anios,2023,OWID_MEDIAN_AGE,
RG2025_V1,MRT,TERR_DENS,5.1567594838,hab/km2,2025,CALC_UNWPP_FAOSTAT_OWID,Poblacion 2025 / superficie terrestre 2023.
RG2025_V1,MRT,POB_URB,59.7142464747,%,2023,WB_WDI_SP.URB.TOTL.IN.ZS,Definicion urbana nacional armonizada por ONU/WDI.
RG2025_V1,MRT,POB_EDAD,17.119,anios,2023,OWID_MEDIAN_AGE,
RG2025_V1,MRT,HUM_EV,68.484,anios,2023,WB_WDI,
RG2025_V1,MRT,ECO_PC,2104.5393507688,USD_corrientes_por_hab,2024,WB_WDI_NY.GDP.MKTP.CD,PIB nominal WDI 2024 / poblacion 2024.
RG2025_V1,MRT,HUM_IDH,0.563,indice_0_1,2023,UNDP_HDR,
RG2025_V1,MUS,TERR_DENS,635.0951427141,hab/km2,2025,CALC_UNWPP_FAOSTAT_OWID,Poblacion 2025 / superficie terrestre 2023.
RG2025_V1,MUS,POB_URB,39.0039901092,%,2023,WB_WDI_SP.URB.TOTL.IN.ZS,Definicion urbana nacional armonizada por ONU/WDI.
RG2025_V1,MUS,POB_EDAD,36.933,anios,2023,OWID_MEDIAN_AGE,
RG2025_V1,MUS,HUM_EV,73.412195122,anios,2023,WB_WDI,
RG2025_V1,MUS,ECO_PC,11751.4132169164,USD_corrientes_por_hab,2024,WB_WDI_NY.GDP.MKTP.CD,PIB nominal WDI 2024 / poblacion 2024.
RG2025_V1,MUS,HUM_IDH,0.806,indice_0_1,2023,UNDP_HDR,
RG2025_V1,MEX,TERR_DENS,67.8756639831,hab/km2,2025,CALC_UNWPP_FAOSTAT_OWID,Poblacion 2025 / superficie terrestre 2023.
RG2025_V1,MEX,POB_URB,79.4734935748,%,2023,WB_WDI_SP.URB.TOTL.IN.ZS,Definicion urbana nacional armonizada por ONU/WDI.
RG2025_V1,MEX,POB_EDAD,28.886,anios,2023,OWID_MEDIAN_AGE,
RG2025_V1,MEX,HUM_EV,75.069,anios,2023,WB_WDI,
RG2025_V1,MEX,ECO_PC,13988.0430158783,USD_corrientes_por_hab,2024,WB_WDI_NY.GDP.MKTP.CD,PIB nominal WDI 2024 / poblacion 2024.
RG2025_V1,MEX,HUM_IDH,0.789,indice_0_1,2023,UNDP_HDR,
RG2025_V1,MCO,TERR_DENS,18410.2687140115,hab/km2,2025,CALC_UNWPP_FAOSTAT_OWID,Poblacion 2025 / superficie terrestre 2023.
RG2025_V1,MCO,POB_URB,100,%,2023,WB_WDI_SP.URB.TOTL.IN.ZS,Definicion urbana nacional armonizada por ONU/WDI.
RG2025_V1,MCO,POB_EDAD,54.356,anios,2023,OWID_MEDIAN_AGE,
RG2025_V1,MCO,HUM_EV,86.372,anios,2023,WB_WDI,
RG2025_V1,MCO,ECO_PC,287807.8701989601,USD_corrientes_por_hab,2024,WB_WDI_NY.GDP.MKTP.CD,PIB nominal WDI 2024 / poblacion 2024.
RG2025_V1,MNG,TERR_DENS,2.256719571,hab/km2,2025,CALC_UNWPP_FAOSTAT_OWID,Poblacion 2025 / superficie terrestre 2023.
RG2025_V1,MNG,POB_URB,70.4464492798,%,2023,WB_WDI_SP.URB.TOTL.IN.ZS,Definicion urbana nacional armonizada por ONU/WDI.
RG2025_V1,MNG,POB_EDAD,26.752,anios,2023,OWID_MEDIAN_AGE,
RG2025_V1,MNG,HUM_EV,72.1224390244,anios,2023,WB_WDI,
RG2025_V1,MNG,ECO_PC,6846.283794239,USD_corrientes_por_hab,2024,WB_WDI_NY.GDP.MKTP.CD,PIB nominal WDI 2024 / poblacion 2024.
RG2025_V1,MNG,HUM_IDH,0.747,indice_0_1,2023,UNDP_HDR,
RG2025_V1,MDA,TERR_DENS,90.9840267234,hab/km2,2025,CALC_UNWPP_FAOSTAT_OWID,Poblacion 2025 / superficie terrestre 2023.
RG2025_V1,MDA,POB_URB,43.0011825562,%,2023,WB_WDI_SP.URB.TOTL.IN.ZS,Definicion urbana nacional armonizada por ONU/WDI.
RG2025_V1,MDA,POB_EDAD,37.754,anios,2023,OWID_MEDIAN_AGE,
RG2025_V1,MDA,HUM_EV,71.198,anios,2023,WB_WDI,
RG2025_V1,MDA,ECO_PC,5999.0247474722,USD_corrientes_por_hab,2024,WB_WDI_NY.GDP.MKTP.CD,PIB nominal WDI 2024 / poblacion 2024.
RG2025_V1,MDA,HUM_IDH,0.785,indice_0_1,2023,UNDP_HDR,
RG2025_V1,MNE,TERR_DENS,47.0431226766,hab/km2,2025,CALC_UNWPP_FAOSTAT_OWID,Poblacion 2025 / superficie terrestre 2023.
RG2025_V1,MNE,POB_URB,65.4731667625,%,2023,WB_WDI_SP.URB.TOTL.IN.ZS,Definicion urbana nacional armonizada por ONU/WDI.
RG2025_V1,MNE,POB_EDAD,39.291,anios,2023,OWID_MEDIAN_AGE,
RG2025_V1,MNE,HUM_EV,77.587804878,anios,2023,WB_WDI,
RG2025_V1,MNE,ECO_PC,12959.337092198,USD_corrientes_por_hab,2024,WB_WDI_NY.GDP.MKTP.CD,PIB nominal WDI 2024 / poblacion 2024.
RG2025_V1,MNE,HUM_IDH,0.862,indice_0_1,2023,UNDP_HDR,
RG2025_V1,MSR,TERR_DENS,43.83,hab/km2,2025,CALC_UNWPP_FAOSTAT_OWID,Poblacion 2025 / superficie terrestre 2023.
RG2025_V1,MSR,POB_EDAD,41.546,anios,2023,OWID_MEDIAN_AGE,
RG2025_V1,MAR,TERR_DENS,86.1097333632,hab/km2,2025,CALC_UNWPP_FAOSTAT_OWID,Poblacion 2025 / superficie terrestre 2023.
RG2025_V1,MAR,POB_URB,62.6737508389,%,2023,WB_WDI_SP.URB.TOTL.IN.ZS,Definicion urbana nacional armonizada por ONU/WDI.
RG2025_V1,MAR,POB_EDAD,29.194,anios,2023,OWID_MEDIAN_AGE,
RG2025_V1,MAR,HUM_EV,75.313,anios,2023,WB_WDI,
RG2025_V1,MAR,ECO_PC,4217.5954349397,USD_corrientes_por_hab,2024,WB_WDI_NY.GDP.MKTP.CD,PIB nominal WDI 2024 / poblacion 2024.
RG2025_V1,MAR,HUM_IDH,0.71,indice_0_1,2023,UNDP_HDR,
RG2025_V1,MOZ,TERR_DENS,45.3109908696,hab/km2,2025,CALC_UNWPP_FAOSTAT_OWID,Poblacion 2025 / superficie terrestre 2023.
RG2025_V1,MOZ,POB_URB,35.7149783148,%,2023,WB_WDI_SP.URB.TOTL.IN.ZS,Definicion urbana nacional armonizada por ONU/WDI.
RG2025_V1,MOZ,POB_EDAD,16.323,anios,2023,OWID_MEDIAN_AGE,
RG2025_V1,MOZ,HUM_EV,63.611,anios,2023,WB_WDI,
RG2025_V1,MOZ,ECO_PC,656.9761296174,USD_corrientes_por_hab,2024,WB_WDI_NY.GDP.MKTP.CD,PIB nominal WDI 2024 / poblacion 2024.
RG2025_V1,MOZ,HUM_IDH,0.493,indice_0_1,2023,UNDP_HDR,
RG2025_V1,OMN,TERR_DENS,17.75346042,hab/km2,2025,CALC_UNWPP_FAOSTAT_OWID,Poblacion 2025 / superficie terrestre 2023.
RG2025_V1,OMN,POB_URB,79.5702973229,%,2023,WB_WDI_SP.URB.TOTL.IN.ZS,Definicion urbana nacional armonizada por ONU/WDI.
RG2025_V1,OMN,POB_EDAD,29.268,anios,2023,OWID_MEDIAN_AGE,
RG2025_V1,OMN,HUM_EV,80.031,anios,2023,WB_WDI,
RG2025_V1,OMN,ECO_PC,20285.2119134166,USD_corrientes_por_hab,2024,WB_WDI_NY.GDP.MKTP.CD,PIB nominal WDI 2024 / poblacion 2024.
RG2025_V1,OMN,HUM_IDH,0.858,indice_0_1,2023,UNDP_HDR,
RG2025_V1,NAM,TERR_DENS,3.756660472,hab/km2,2025,CALC_UNWPP_FAOSTAT_OWID,Poblacion 2025 / superficie terrestre 2023.
RG2025_V1,NAM,POB_URB,49.9545837831,%,2023,WB_WDI_SP.URB.TOTL.IN.ZS,Definicion urbana nacional armonizada por ONU/WDI.
RG2025_V1,NAM,POB_EDAD,20.957,anios,2023,OWID_MEDIAN_AGE,
RG2025_V1,NAM,HUM_EV,67.385,anios,2023,WB_WDI,
RG2025_V1,NAM,ECO_PC,4501.8544382675,USD_corrientes_por_hab,2024,WB_WDI_NY.GDP.MKTP.CD,PIB nominal WDI 2024 / poblacion 2024.
RG2025_V1,NAM,HUM_IDH,0.665,indice_0_1,2023,UNDP_HDR,
RG2025_V1,NRU,TERR_DENS,602.6,hab/km2,2025,CALC_UNWPP_FAOSTAT_OWID,Poblacion 2025 / superficie terrestre 2023.
RG2025_V1,NRU,POB_URB,100,%,2023,WB_WDI_SP.URB.TOTL.IN.ZS,Definicion urbana nacional armonizada por ONU/WDI.
RG2025_V1,NRU,POB_EDAD,20.434,anios,2023,OWID_MEDIAN_AGE,
RG2025_V1,NRU,HUM_EV,62.109,anios,2023,WB_WDI,
RG2025_V1,NRU,ECO_PC,14023.5139410241,USD_corrientes_por_hab,2024,WB_WDI_NY.GDP.MKTP.CD,PIB nominal WDI 2024 / poblacion 2024.
RG2025_V1,NRU,HUM_IDH,0.703,indice_0_1,2023,UNDP_HDR,
RG2025_V1,NPL,TERR_DENS,206.6140216254,hab/km2,2025,CALC_UNWPP_FAOSTAT_OWID,Poblacion 2025 / superficie terrestre 2023.
RG2025_V1,NPL,POB_URB,66.5432933454,%,2023,WB_WDI_SP.URB.TOTL.IN.ZS,Definicion urbana nacional armonizada por ONU/WDI.
RG2025_V1,NPL,POB_EDAD,24.679,anios,2023,OWID_MEDIAN_AGE,
RG2025_V1,NPL,HUM_EV,70.354,anios,2023,WB_WDI,
RG2025_V1,NPL,ECO_PC,1460.2823798415,USD_corrientes_por_hab,2024,WB_WDI_NY.GDP.MKTP.CD,PIB nominal WDI 2024 / poblacion 2024.
RG2025_V1,NPL,HUM_IDH,0.622,indice_0_1,2023,UNDP_HDR,
RG2025_V1,NLD,TERR_DENS,544.9011880012,hab/km2,2025,CALC_UNWPP_FAOSTAT_OWID,Poblacion 2025 / superficie terrestre 2023.
RG2025_V1,NLD,POB_URB,95.3221682092,%,2023,WB_WDI_SP.URB.TOTL.IN.ZS,Definicion urbana nacional armonizada por ONU/WDI.
RG2025_V1,NLD,POB_EDAD,41.396,anios,2023,OWID_MEDIAN_AGE,
RG2025_V1,NLD,HUM_EV,81.8634146341,anios,2023,WB_WDI,
RG2025_V1,NLD,ECO_PC,66594.6323258371,USD_corrientes_por_hab,2024,WB_WDI_NY.GDP.MKTP.CD,PIB nominal WDI 2024 / poblacion 2024.
RG2025_V1,NLD,HUM_IDH,0.955,indice_0_1,2023,UNDP_HDR,
RG2025_V1,CUW,TERR_DENS,417.7815315315,hab/km2,2025,CALC_UNWPP_FAOSTAT_OWID,Poblacion 2025 / superficie terrestre 2023.
RG2025_V1,CUW,POB_URB,91.4080929292,%,2023,WB_WDI_SP.URB.TOTL.IN.ZS,Definicion urbana nacional armonizada por ONU/WDI.
RG2025_V1,CUW,POB_EDAD,38.231,anios,2023,OWID_MEDIAN_AGE,
RG2025_V1,CUW,HUM_EV,76.8,anios,2023,WB_WDI,
RG2025_V1,CUW,ECO_PC,19199.5892447273,USD_corrientes_por_hab,2024,WB_WDI_NY.GDP.MKTP.CD,PIB nominal WDI 2024 / poblacion 2024.
RG2025_V1,ABW,TERR_DENS,600.8722222222,hab/km2,2025,CALC_UNWPP_FAOSTAT_OWID,Poblacion 2025 / superficie terrestre 2023.
RG2025_V1,ABW,POB_URB,61.8351492676,%,2023,WB_WDI_SP.URB.TOTL.IN.ZS,Definicion urbana nacional armonizada por ONU/WDI.
RG2025_V1,ABW,POB_EDAD,41.02,anios,2023,OWID_MEDIAN_AGE,
RG2025_V1,ABW,HUM_EV,76.353,anios,2023,WB_WDI,
RG2025_V1,ABW,ECO_PC,38561.6424580126,USD_corrientes_por_hab,2024,WB_WDI_NY.GDP.MKTP.CD,PIB nominal WDI 2024 / poblacion 2024.
RG2025_V1,SXM,TERR_DENS,1292.5294117647,hab/km2,2025,CALC_UNWPP_FAOSTAT_OWID,Poblacion 2025 / superficie terrestre 2023.
RG2025_V1,SXM,POB_URB,100,%,2023,WB_WDI_SP.URB.TOTL.IN.ZS,Definicion urbana nacional armonizada por ONU/WDI.
RG2025_V1,SXM,POB_EDAD,41.587,anios,2023,OWID_MEDIAN_AGE,
RG2025_V1,SXM,HUM_EV,76.371,anios,2023,WB_WDI,
RG2025_V1,SXM,ECO_PC,41451.5504944363,USD_corrientes_por_hab,2024,WB_WDI_NY.GDP.MKTP.CD,PIB nominal WDI 2024 / poblacion 2024.
RG2025_V1,BES,TERR_DENS,97.4037267081,hab/km2,2025,CALC_UNWPP_FAOSTAT_OWID,Poblacion 2025 / superficie terrestre 2023.
RG2025_V1,BES,POB_EDAD,39.665,anios,2023,OWID_MEDIAN_AGE,
RG2025_V1,NCL,TERR_DENS,16.1561269147,hab/km2,2025,CALC_UNWPP_FAOSTAT_OWID,Poblacion 2025 / superficie terrestre 2023.
RG2025_V1,NCL,POB_URB,67.7515223113,%,2023,WB_WDI_SP.URB.TOTL.IN.ZS,Definicion urbana nacional armonizada por ONU/WDI.
RG2025_V1,NCL,POB_EDAD,33.891,anios,2023,OWID_MEDIAN_AGE,
RG2025_V1,NCL,HUM_EV,78.766,anios,2023,WB_WDI,
RG2025_V1,NCL,ECO_PC,29211.5951790541,USD_corrientes_por_hab,2024,WB_WDI_NY.GDP.MKTP.CD,PIB nominal WDI 2024 / poblacion 2024.
RG2025_V1,VUT,TERR_DENS,27.4963084495,hab/km2,2025,CALC_UNWPP_FAOSTAT_OWID,Poblacion 2025 / superficie terrestre 2023.
RG2025_V1,VUT,POB_URB,22.2651966824,%,2023,WB_WDI_SP.URB.TOTL.IN.ZS,Definicion urbana nacional armonizada por ONU/WDI.
RG2025_V1,VUT,POB_EDAD,20.143,anios,2023,OWID_MEDIAN_AGE,
RG2025_V1,VUT,HUM_EV,71.477,anios,2023,WB_WDI,
RG2025_V1,VUT,ECO_PC,3959.7683085239,USD_corrientes_por_hab,2024,WB_WDI_NY.GDP.MKTP.CD,PIB nominal WDI 2024 / poblacion 2024.
RG2025_V1,VUT,HUM_IDH,0.621,indice_0_1,2023,UNDP_HDR,
RG2025_V1,NZL,TERR_DENS,19.945679997,hab/km2,2025,CALC_UNWPP_FAOSTAT_OWID,Poblacion 2025 / superficie terrestre 2023.
RG2025_V1,NZL,POB_URB,83.8898991461,%,2023,WB_WDI_SP.URB.TOTL.IN.ZS,Definicion urbana nacional armonizada por ONU/WDI.
RG2025_V1,NZL,POB_EDAD,37.28,anios,2023,OWID_MEDIAN_AGE,
RG2025_V1,NZL,HUM_EV,81.7585365854,anios,2023,WB_WDI,
RG2025_V1,NZL,ECO_PC,50153.4536371724,USD_corrientes_por_hab,2024,WB_WDI_NY.GDP.MKTP.CD,PIB nominal WDI 2024 / poblacion 2024.
RG2025_V1,NZL,HUM_IDH,0.938,indice_0_1,2023,UNDP_HDR,
RG2025_V1,NIC,TERR_DENS,58.230904105,hab/km2,2025,CALC_UNWPP_FAOSTAT_OWID,Poblacion 2025 / superficie terrestre 2023.
RG2025_V1,NIC,POB_URB,59.1250953674,%,2023,WB_WDI_SP.URB.TOTL.IN.ZS,Definicion urbana nacional armonizada por ONU/WDI.
RG2025_V1,NIC,POB_EDAD,25.267,anios,2023,OWID_MEDIAN_AGE,
RG2025_V1,NIC,HUM_EV,74.947,anios,2023,WB_WDI,
RG2025_V1,NIC,ECO_PC,2847.8780420641,USD_corrientes_por_hab,2024,WB_WDI_NY.GDP.MKTP.CD,PIB nominal WDI 2024 / poblacion 2024.
RG2025_V1,NIC,HUM_IDH,0.706,indice_0_1,2023,UNDP_HDR,
RG2025_V1,NER,TERR_DENS,22.0398128997,hab/km2,2025,CALC_UNWPP_FAOSTAT_OWID,Poblacion 2025 / superficie terrestre 2023.
RG2025_V1,NER,POB_URB,17.7506873295,%,2023,WB_WDI_SP.URB.TOTL.IN.ZS,Definicion urbana nacional armonizada por ONU/WDI.
RG2025_V1,NER,POB_EDAD,15.25,anios,2023,OWID_MEDIAN_AGE,
RG2025_V1,NER,HUM_EV,61.183,anios,2023,WB_WDI,
RG2025_V1,NER,ECO_PC,729.8565291724,USD_corrientes_por_hab,2024,WB_WDI_NY.GDP.MKTP.CD,PIB nominal WDI 2024 / poblacion 2024.
RG2025_V1,NER,HUM_IDH,0.419,indice_0_1,2023,UNDP_HDR,
RG2025_V1,NGA,TERR_DENS,260.7988712847,hab/km2,2025,CALC_UNWPP_FAOSTAT_OWID,Poblacion 2025 / superficie terrestre 2023.
RG2025_V1,NGA,POB_URB,62.1746763155,%,2023,WB_WDI_SP.URB.TOTL.IN.ZS,Definicion urbana nacional armonizada por ONU/WDI.
RG2025_V1,NGA,POB_EDAD,17.754,anios,2023,OWID_MEDIAN_AGE,
RG2025_V1,NGA,HUM_EV,54.462,anios,2023,WB_WDI,
RG2025_V1,NGA,ECO_PC,1084.1603994127,USD_corrientes_por_hab,2024,WB_WDI_NY.GDP.MKTP.CD,PIB nominal WDI 2024 / poblacion 2024.
RG2025_V1,NGA,HUM_IDH,0.56,indice_0_1,2023,UNDP_HDR,
RG2025_V1,NIU,TERR_DENS,7.0846153846,hab/km2,2025,CALC_UNWPP_FAOSTAT_OWID,Poblacion 2025 / superficie terrestre 2023.
RG2025_V1,NIU,POB_EDAD,36.555,anios,2023,OWID_MEDIAN_AGE,
RG2025_V1,NOR,TERR_DENS,15.4365553024,hab/km2,2025,CALC_UNWPP_FAOSTAT_OWID,Poblacion 2025 / superficie terrestre 2023.
RG2025_V1,NOR,POB_URB,83.0718560702,%,2023,WB_WDI_SP.URB.TOTL.IN.ZS,Definicion urbana nacional armonizada por ONU/WDI.
RG2025_V1,NOR,POB_EDAD,39.54,anios,2023,OWID_MEDIAN_AGE,
RG2025_V1,NOR,HUM_EV,83.012195122,anios,2023,WB_WDI,
RG2025_V1,NOR,ECO_PC,89818.4015715015,USD_corrientes_por_hab,2024,WB_WDI_NY.GDP.MKTP.CD,PIB nominal WDI 2024 / poblacion 2024.
RG2025_V1,NOR,HUM_IDH,0.97,indice_0_1,2023,UNDP_HDR,
RG2025_V1,MNP,TERR_DENS,94.7043478261,hab/km2,2025,CALC_UNWPP_FAOSTAT_OWID,Poblacion 2025 / superficie terrestre 2023.
RG2025_V1,MNP,POB_URB,91.9754112888,%,2023,WB_WDI_SP.URB.TOTL.IN.ZS,Definicion urbana nacional armonizada por ONU/WDI.
RG2025_V1,MNP,POB_EDAD,36.136,anios,2023,OWID_MEDIAN_AGE,
RG2025_V1,MNP,HUM_EV,78.808,anios,2023,WB_WDI,
RG2025_V1,FSM,TERR_DENS,162.4257142857,hab/km2,2025,CALC_UNWPP_FAOSTAT_OWID,Poblacion 2025 / superficie terrestre 2023.
RG2025_V1,FSM,POB_URB,22.4334012452,%,2023,WB_WDI_SP.URB.TOTL.IN.ZS,Definicion urbana nacional armonizada por ONU/WDI.
RG2025_V1,FSM,POB_EDAD,22.85,anios,2023,OWID_MEDIAN_AGE,
RG2025_V1,FSM,HUM_EV,67.198,anios,2023,WB_WDI,
RG2025_V1,FSM,ECO_PC,4251.2772706789,USD_corrientes_por_hab,2024,WB_WDI_NY.GDP.MKTP.CD,PIB nominal WDI 2024 / poblacion 2024.
RG2025_V1,FSM,HUM_IDH,0.615,indice_0_1,2023,UNDP_HDR,
RG2025_V1,MHL,TERR_DENS,201.6944444444,hab/km2,2025,CALC_UNWPP_FAOSTAT_OWID,Poblacion 2025 / superficie terrestre 2023.
RG2025_V1,MHL,POB_URB,78.3593928884,%,2023,WB_WDI_SP.URB.TOTL.IN.ZS,Definicion urbana nacional armonizada por ONU/WDI.
RG2025_V1,MHL,POB_EDAD,20.699,anios,2023,OWID_MEDIAN_AGE,
RG2025_V1,MHL,HUM_EV,66.945,anios,2023,WB_WDI,
RG2025_V1,MHL,ECO_PC,7585.4359629511,USD_corrientes_por_hab,2024,WB_WDI_NY.GDP.MKTP.CD,PIB nominal WDI 2024 / poblacion 2024.
RG2025_V1,MHL,HUM_IDH,0.733,indice_0_1,2023,UNDP_HDR,
RG2025_V1,PLW,TERR_DENS,38.45,hab/km2,2025,CALC_UNWPP_FAOSTAT_OWID,Poblacion 2025 / superficie terrestre 2023.
RG2025_V1,PLW,POB_URB,79.1531991439,%,2023,WB_WDI_SP.URB.TOTL.IN.ZS,Definicion urbana nacional armonizada por ONU/WDI.
RG2025_V1,PLW,POB_EDAD,37.843,anios,2023,OWID_MEDIAN_AGE,
RG2025_V1,PLW,HUM_EV,69.269,anios,2023,WB_WDI,
RG2025_V1,PLW,ECO_PC,18144.467097466,USD_corrientes_por_hab,2024,WB_WDI_NY.GDP.MKTP.CD,PIB nominal WDI 2024 / poblacion 2024.
RG2025_V1,PLW,HUM_IDH,0.786,indice_0_1,2023,UNDP_HDR,
RG2025_V1,PAK,TERR_DENS,331.0756019095,hab/km2,2025,CALC_UNWPP_FAOSTAT_OWID,Poblacion 2025 / superficie terrestre 2023.
RG2025_V1,PAK,POB_URB,38.8191861873,%,2023,WB_WDI_SP.URB.TOTL.IN.ZS,Definicion urbana nacional armonizada por ONU/WDI.
RG2025_V1,PAK,POB_EDAD,20.287,anios,2023,OWID_MEDIAN_AGE,
RG2025_V1,PAK,HUM_EV,67.649,anios,2023,WB_WDI,
RG2025_V1,PAK,ECO_PC,1479.477575964,USD_corrientes_por_hab,2024,WB_WDI_NY.GDP.MKTP.CD,PIB nominal WDI 2024 / poblacion 2024.
RG2025_V1,PAK,HUM_IDH,0.544,indice_0_1,2023,UNDP_HDR,
RG2025_V1,PAN,TERR_DENS,61.6229981127,hab/km2,2025,CALC_UNWPP_FAOSTAT_OWID,Poblacion 2025 / superficie terrestre 2023.
RG2025_V1,PAN,POB_URB,65.8601271176,%,2023,WB_WDI_SP.URB.TOTL.IN.ZS,Definicion urbana nacional armonizada por ONU/WDI.
RG2025_V1,PAN,POB_EDAD,29.603,anios,2023,OWID_MEDIAN_AGE,
RG2025_V1,PAN,HUM_EV,79.594,anios,2023,WB_WDI,
RG2025_V1,PAN,ECO_PC,19161.22308649,USD_corrientes_por_hab,2024,WB_WDI_NY.GDP.MKTP.CD,PIB nominal WDI 2024 / poblacion 2024.
RG2025_V1,PAN,HUM_IDH,0.839,indice_0_1,2023,UNDP_HDR,
RG2025_V1,PNG,TERR_DENS,23.7663317582,hab/km2,2025,CALC_UNWPP_FAOSTAT_OWID,Poblacion 2025 / superficie terrestre 2023.
RG2025_V1,PNG,POB_URB,15.0581017891,%,2023,WB_WDI_SP.URB.TOTL.IN.ZS,Definicion urbana nacional armonizada por ONU/WDI.
RG2025_V1,PNG,POB_EDAD,22.344,anios,2023,OWID_MEDIAN_AGE,
RG2025_V1,PNG,HUM_EV,66.134,anios,2023,WB_WDI,
RG2025_V1,PNG,ECO_PC,2912.4894792233,USD_corrientes_por_hab,2024,WB_WDI_NY.GDP.MKTP.CD,PIB nominal WDI 2024 / poblacion 2024.
RG2025_V1,PNG,HUM_IDH,0.576,indice_0_1,2023,UNDP_HDR,
RG2025_V1,PRY,TERR_DENS,17.7092570216,hab/km2,2025,CALC_UNWPP_FAOSTAT_OWID,Poblacion 2025 / superficie terrestre 2023.
RG2025_V1,PRY,POB_URB,69.3466081734,%,2023,WB_WDI_SP.URB.TOTL.IN.ZS,Definicion urbana nacional armonizada por ONU/WDI.
RG2025_V1,PRY,POB_EDAD,26.341,anios,2023,OWID_MEDIAN_AGE,
RG2025_V1,PRY,HUM_EV,73.844,anios,2023,WB_WDI,
RG2025_V1,PRY,ECO_PC,6456.608162489,USD_corrientes_por_hab,2024,WB_WDI_NY.GDP.MKTP.CD,PIB nominal WDI 2024 / poblacion 2024.
RG2025_V1,PRY,HUM_IDH,0.756,indice_0_1,2023,UNDP_HDR,
RG2025_V1,PER,TERR_DENS,27.0130257813,hab/km2,2025,CALC_UNWPP_FAOSTAT_OWID,Poblacion 2025 / superficie terrestre 2023.
RG2025_V1,PER,POB_URB,84.781025585,%,2023,WB_WDI_SP.URB.TOTL.IN.ZS,Definicion urbana nacional armonizada por ONU/WDI.
RG2025_V1,PER,POB_EDAD,29.451,anios,2023,OWID_MEDIAN_AGE,
RG2025_V1,PER,HUM_EV,77.74,anios,2023,WB_WDI,
RG2025_V1,PER,ECO_PC,8526.2961588441,USD_corrientes_por_hab,2024,WB_WDI_NY.GDP.MKTP.CD,PIB nominal WDI 2024 / poblacion 2024.
RG2025_V1,PER,HUM_IDH,0.794,indice_0_1,2023,UNDP_HDR,
RG2025_V1,PHL,TERR_DENS,391.679109233,hab/km2,2025,CALC_UNWPP_FAOSTAT_OWID,Poblacion 2025 / superficie terrestre 2023.
RG2025_V1,PHL,POB_URB,55.1242716169,%,2023,WB_WDI_SP.URB.TOTL.IN.ZS,Definicion urbana nacional armonizada por ONU/WDI.
RG2025_V1,PHL,POB_EDAD,25.287,anios,2023,OWID_MEDIAN_AGE,
RG2025_V1,PHL,HUM_EV,69.833,anios,2023,WB_WDI,
RG2025_V1,PHL,ECO_PC,3985.2948875135,USD_corrientes_por_hab,2024,WB_WDI_NY.GDP.MKTP.CD,PIB nominal WDI 2024 / poblacion 2024.
RG2025_V1,PHL,HUM_IDH,0.72,indice_0_1,2023,UNDP_HDR,
RG2025_V1,POL,TERR_DENS,124.5336239266,hab/km2,2025,CALC_UNWPP_FAOSTAT_OWID,Poblacion 2025 / superficie terrestre 2023.
RG2025_V1,POL,POB_URB,59.885956137,%,2023,WB_WDI_SP.URB.TOTL.IN.ZS,Definicion urbana nacional armonizada por ONU/WDI.
RG2025_V1,POL,POB_EDAD,41.31,anios,2023,OWID_MEDIAN_AGE,
RG2025_V1,POL,HUM_EV,78.2585365854,anios,2023,WB_WDI,
RG2025_V1,POL,ECO_PC,23813.8542528665,USD_corrientes_por_hab,2024,WB_WDI_NY.GDP.MKTP.CD,PIB nominal WDI 2024 / poblacion 2024.
RG2025_V1,POL,HUM_IDH,0.906,indice_0_1,2023,UNDP_HDR,
RG2025_V1,PRT,TERR_DENS,113.6593286873,hab/km2,2025,CALC_UNWPP_FAOSTAT_OWID,Poblacion 2025 / superficie terrestre 2023.
RG2025_V1,PRT,POB_URB,61.2048652634,%,2023,WB_WDI_SP.URB.TOTL.IN.ZS,Definicion urbana nacional armonizada por ONU/WDI.
RG2025_V1,PRT,POB_EDAD,46.2,anios,2023,OWID_MEDIAN_AGE,
RG2025_V1,PRT,HUM_EV,82.3292682927,anios,2023,WB_WDI,
RG2025_V1,PRT,ECO_PC,30086.1515396413,USD_corrientes_por_hab,2024,WB_WDI_NY.GDP.MKTP.CD,PIB nominal WDI 2024 / poblacion 2024.
RG2025_V1,PRT,HUM_IDH,0.89,indice_0_1,2023,UNDP_HDR,
RG2025_V1,GNB,TERR_DENS,79.9971906117,hab/km2,2025,CALC_UNWPP_FAOSTAT_OWID,Poblacion 2025 / superficie terrestre 2023.
RG2025_V1,GNB,POB_URB,45.5923843384,%,2023,WB_WDI_SP.URB.TOTL.IN.ZS,Definicion urbana nacional armonizada por ONU/WDI.
RG2025_V1,GNB,POB_EDAD,18.943,anios,2023,OWID_MEDIAN_AGE,
RG2025_V1,GNB,HUM_EV,64.085,anios,2023,WB_WDI,
RG2025_V1,GNB,ECO_PC,998.3724651771,USD_corrientes_por_hab,2024,WB_WDI_NY.GDP.MKTP.CD,PIB nominal WDI 2024 / poblacion 2024.
RG2025_V1,GNB,HUM_IDH,0.514,indice_0_1,2023,UNDP_HDR,
RG2025_V1,TLS,TERR_DENS,95.3947545393,hab/km2,2025,CALC_UNWPP_FAOSTAT_OWID,Poblacion 2025 / superficie terrestre 2023.
RG2025_V1,TLS,POB_URB,28.595471833,%,2023,WB_WDI_SP.URB.TOTL.IN.ZS,Definicion urbana nacional armonizada por ONU/WDI.
RG2025_V1,TLS,POB_EDAD,20.969,anios,2023,OWID_MEDIAN_AGE,
RG2025_V1,TLS,HUM_EV,67.689,anios,2023,WB_WDI,
RG2025_V1,TLS,ECO_PC,1331.9705130185,USD_corrientes_por_hab,2024,WB_WDI_NY.GDP.MKTP.CD,PIB nominal WDI 2024 / poblacion 2024.
RG2025_V1,TLS,HUM_IDH,0.634,indice_0_1,2023,UNDP_HDR,
RG2025_V1,PRI,TERR_DENS,364.7452085682,hab/km2,2025,CALC_UNWPP_FAOSTAT_OWID,Poblacion 2025 / superficie terrestre 2023.
RG2025_V1,PRI,POB_URB,94.1774359276,%,2023,WB_WDI_SP.URB.TOTL.IN.ZS,Definicion urbana nacional armonizada por ONU/WDI.
RG2025_V1,PRI,POB_EDAD,45.306,anios,2023,OWID_MEDIAN_AGE,
RG2025_V1,PRI,HUM_EV,81.69,anios,2023,WB_WDI,
RG2025_V1,PRI,ECO_PC,38871.4639985618,USD_corrientes_por_hab,2024,WB_WDI_NY.GDP.MKTP.CD,PIB nominal WDI 2024 / poblacion 2024.
RG2025_V1,QAT,TERR_DENS,271.1828546562,hab/km2,2025,CALC_UNWPP_FAOSTAT_OWID,Poblacion 2025 / superficie terrestre 2023.
RG2025_V1,QAT,POB_URB,99.2835325194,%,2023,WB_WDI_SP.URB.TOTL.IN.ZS,Definicion urbana nacional armonizada por ONU/WDI.
RG2025_V1,QAT,POB_EDAD,33.189,anios,2023,OWID_MEDIAN_AGE,
RG2025_V1,QAT,HUM_EV,82.368,anios,2023,WB_WDI,
RG2025_V1,QAT,ECO_PC,70952.7778060453,USD_corrientes_por_hab,2024,WB_WDI_NY.GDP.MKTP.CD,PIB nominal WDI 2024 / poblacion 2024.
RG2025_V1,QAT,HUM_IDH,0.886,indice_0_1,2023,UNDP_HDR,
RG2025_V1,REU,TERR_DENS,351.5581673307,hab/km2,2025,CALC_UNWPP_FAOSTAT_OWID,Poblacion 2025 / superficie terrestre 2023.
RG2025_V1,REU,POB_EDAD,37.43,anios,2023,OWID_MEDIAN_AGE,
RG2025_V1,ROU,TERR_DENS,82.1829581015,hab/km2,2025,CALC_UNWPP_FAOSTAT_OWID,Poblacion 2025 / superficie terrestre 2023.
RG2025_V1,ROU,POB_URB,52.1645747012,%,2023,WB_WDI_SP.URB.TOTL.IN.ZS,Definicion urbana nacional armonizada por ONU/WDI.
RG2025_V1,ROU,POB_EDAD,42.621,anios,2023,OWID_MEDIAN_AGE,
RG2025_V1,ROU,HUM_EV,76.4048780488,anios,2023,WB_WDI,
RG2025_V1,ROU,ECO_PC,20118.9737873985,USD_corrientes_por_hab,2024,WB_WDI_NY.GDP.MKTP.CD,PIB nominal WDI 2024 / poblacion 2024.
RG2025_V1,ROU,HUM_IDH,0.845,indice_0_1,2023,UNDP_HDR,
RG2025_V1,RUS,TERR_DENS,8.7927298073,hab/km2,2025,CALC_UNWPP_FAOSTAT_OWID,Poblacion 2025 / superficie terrestre 2023.
RG2025_V1,RUS,POB_URB,74.9805047873,%,2023,WB_WDI_SP.URB.TOTL.IN.ZS,Definicion urbana nacional armonizada por ONU/WDI.
RG2025_V1,RUS,POB_EDAD,39.454,anios,2023,OWID_MEDIAN_AGE,
RG2025_V1,RUS,HUM_EV,73.2546341463,anios,2023,WB_WDI,
RG2025_V1,RUS,ECO_PC,15097.7483266195,USD_corrientes_por_hab,2024,WB_WDI_NY.GDP.MKTP.CD,PIB nominal WDI 2024 / poblacion 2024.
RG2025_V1,RUS,HUM_IDH,0.832,indice_0_1,2023,UNDP_HDR,
RG2025_V1,RWA,TERR_DENS,590.5694770977,hab/km2,2025,CALC_UNWPP_FAOSTAT_OWID,Poblacion 2025 / superficie terrestre 2023.
RG2025_V1,RWA,POB_URB,28.8555310645,%,2023,WB_WDI_SP.URB.TOTL.IN.ZS,Definicion urbana nacional armonizada por ONU/WDI.
RG2025_V1,RWA,POB_EDAD,19.44,anios,2023,OWID_MEDIAN_AGE,
RG2025_V1,RWA,HUM_EV,67.785,anios,2023,WB_WDI,
RG2025_V1,RWA,ECO_PC,1059.9366469045,USD_corrientes_por_hab,2024,WB_WDI_NY.GDP.MKTP.CD,PIB nominal WDI 2024 / poblacion 2024.
RG2025_V1,RWA,HUM_IDH,0.578,indice_0_1,2023,UNDP_HDR,
RG2025_V1,BLM,TERR_DENS,572.1,hab/km2,2025,CALC_UNWPP_FAOSTAT_OWID,Poblacion 2025 / superficie terrestre 2023.
RG2025_V1,BLM,POB_EDAD,38.81,anios,2023,OWID_MEDIAN_AGE,
RG2025_V1,SHN,TERR_DENS,13.3846153846,hab/km2,2025,CALC_UNWPP_FAOSTAT_OWID,Poblacion 2025 / superficie terrestre 2023.
RG2025_V1,SHN,POB_EDAD,50.45,anios,2023,OWID_MEDIAN_AGE,
RG2025_V1,KNA,TERR_DENS,180.5576923077,hab/km2,2025,CALC_UNWPP_FAOSTAT_OWID,Poblacion 2025 / superficie terrestre 2023.
RG2025_V1,KNA,POB_URB,31.7007809623,%,2023,WB_WDI_SP.URB.TOTL.IN.ZS,Definicion urbana nacional armonizada por ONU/WDI.
RG2025_V1,KNA,POB_EDAD,35.349,anios,2023,OWID_MEDIAN_AGE,
RG2025_V1,KNA,HUM_EV,72.145,anios,2023,WB_WDI,
RG2025_V1,KNA,ECO_PC,23948.3834870781,USD_corrientes_por_hab,2024,WB_WDI_NY.GDP.MKTP.CD,PIB nominal WDI 2024 / poblacion 2024.
RG2025_V1,KNA,HUM_IDH,0.84,indice_0_1,2023,UNDP_HDR,
RG2025_V1,AIA,TERR_DENS,163.8888888889,hab/km2,2025,CALC_UNWPP_FAOSTAT_OWID,Poblacion 2025 / superficie terrestre 2023.
RG2025_V1,AIA,POB_EDAD,38.013,anios,2023,OWID_MEDIAN_AGE,
RG2025_V1,LCA,TERR_DENS,295.3393442623,hab/km2,2025,CALC_UNWPP_FAOSTAT_OWID,Poblacion 2025 / superficie terrestre 2023.
RG2025_V1,LCA,POB_URB,29.0976313248,%,2023,WB_WDI_SP.URB.TOTL.IN.ZS,Definicion urbana nacional armonizada por ONU/WDI.
RG2025_V1,LCA,POB_EDAD,33.745,anios,2023,OWID_MEDIAN_AGE,
RG2025_V1,LCA,HUM_EV,72.697,anios,2023,WB_WDI,
RG2025_V1,LCA,ECO_PC,14493.0940475889,USD_corrientes_por_hab,2024,WB_WDI_NY.GDP.MKTP.CD,PIB nominal WDI 2024 / poblacion 2024.
RG2025_V1,LCA,HUM_IDH,0.748,indice_0_1,2023,UNDP_HDR,
RG2025_V1,MAF,TERR_DENS,499.28,hab/km2,2025,CALC_UNWPP_FAOSTAT_OWID,Poblacion 2025 / superficie terrestre 2023.
RG2025_V1,MAF,POB_URB,100,%,2023,WB_WDI_SP.URB.TOTL.IN.ZS,Definicion urbana nacional armonizada por ONU/WDI.
RG2025_V1,MAF,POB_EDAD,39.363,anios,2023,OWID_MEDIAN_AGE,
RG2025_V1,MAF,HUM_EV,80.224,anios,2023,WB_WDI,
RG2025_V1,SPM,TERR_DENS,24.3217391304,hab/km2,2025,CALC_UNWPP_FAOSTAT_OWID,Poblacion 2025 / superficie terrestre 2023.
RG2025_V1,SPM,POB_EDAD,46.403,anios,2023,OWID_MEDIAN_AGE,
RG2025_V1,VCT,TERR_DENS,256.241025641,hab/km2,2025,CALC_UNWPP_FAOSTAT_OWID,Poblacion 2025 / superficie terrestre 2023.
RG2025_V1,VCT,POB_URB,47.716992234,%,2023,WB_WDI_SP.URB.TOTL.IN.ZS,Definicion urbana nacional armonizada por ONU/WDI.
RG2025_V1,VCT,POB_EDAD,33.897,anios,2023,OWID_MEDIAN_AGE,
RG2025_V1,VCT,HUM_EV,71.23,anios,2023,WB_WDI,
RG2025_V1,VCT,ECO_PC,11499.6264275803,USD_corrientes_por_hab,2024,WB_WDI_NY.GDP.MKTP.CD,PIB nominal WDI 2024 / poblacion 2024.
RG2025_V1,VCT,HUM_IDH,0.798,indice_0_1,2023,UNDP_HDR,
RG2025_V1,SMR,TERR_DENS,559.9833333333,hab/km2,2025,CALC_UNWPP_FAOSTAT_OWID,Poblacion 2025 / superficie terrestre 2023.
RG2025_V1,SMR,POB_URB,97.1317310362,%,2023,WB_WDI_SP.URB.TOTL.IN.ZS,Definicion urbana nacional armonizada por ONU/WDI.
RG2025_V1,SMR,POB_EDAD,47.393,anios,2023,OWID_MEDIAN_AGE,
RG2025_V1,SMR,HUM_EV,85.706,anios,2023,WB_WDI,
RG2025_V1,SMR,HUM_IDH,0.915,indice_0_1,2023,UNDP_HDR,
RG2025_V1,STP,TERR_DENS,250.2739583333,hab/km2,2025,CALC_UNWPP_FAOSTAT_OWID,Poblacion 2025 / superficie terrestre 2023.
RG2025_V1,STP,POB_URB,68.6043921104,%,2023,WB_WDI_SP.URB.TOTL.IN.ZS,Definicion urbana nacional armonizada por ONU/WDI.
RG2025_V1,STP,POB_EDAD,19.052,anios,2023,OWID_MEDIAN_AGE,
RG2025_V1,STP,HUM_EV,69.718,anios,2023,WB_WDI,
RG2025_V1,STP,ECO_PC,3502.4392397532,USD_corrientes_por_hab,2024,WB_WDI_NY.GDP.MKTP.CD,PIB nominal WDI 2024 / poblacion 2024.
RG2025_V1,STP,HUM_IDH,0.637,indice_0_1,2023,UNDP_HDR,
RG2025_V1,SAU,TERR_DENS,16.0796798608,hab/km2,2025,CALC_UNWPP_FAOSTAT_OWID,Poblacion 2025 / superficie terrestre 2023.
RG2025_V1,SAU,POB_URB,84.2962388315,%,2023,WB_WDI_SP.URB.TOTL.IN.ZS,Definicion urbana nacional armonizada por ONU/WDI.
RG2025_V1,SAU,POB_EDAD,29.247,anios,2023,OWID_MEDIAN_AGE,
RG2025_V1,SAU,HUM_EV,78.732,anios,2023,WB_WDI,
RG2025_V1,SAU,ECO_PC,36926.9497632863,USD_corrientes_por_hab,2024,WB_WDI_NY.GDP.MKTP.CD,PIB nominal WDI 2024 / poblacion 2024.
RG2025_V1,SAU,HUM_IDH,0.9,indice_0_1,2023,UNDP_HDR,
RG2025_V1,SEN,TERR_DENS,98.3325663533,hab/km2,2025,CALC_UNWPP_FAOSTAT_OWID,Poblacion 2025 / superficie terrestre 2023.
RG2025_V1,SEN,POB_URB,54.6992276191,%,2023,WB_WDI_SP.URB.TOTL.IN.ZS,Definicion urbana nacional armonizada por ONU/WDI.
RG2025_V1,SEN,POB_EDAD,19.129,anios,2023,OWID_MEDIAN_AGE,
RG2025_V1,SEN,HUM_EV,68.683,anios,2023,WB_WDI,
RG2025_V1,SEN,ECO_PC,1738.7318623193,USD_corrientes_por_hab,2024,WB_WDI_NY.GDP.MKTP.CD,PIB nominal WDI 2024 / poblacion 2024.
RG2025_V1,SEN,HUM_IDH,0.53,indice_0_1,2023,UNDP_HDR,
RG2025_V1,SRB,TERR_DENS,79.5461767154,hab/km2,2025,CALC_UNWPP_FAOSTAT_OWID,Poblacion 2025 / superficie terrestre 2023.
RG2025_V1,SRB,POB_URB,62.143464923,%,2023,WB_WDI_SP.URB.TOTL.IN.ZS,Definicion urbana nacional armonizada por ONU/WDI.
RG2025_V1,SRB,POB_EDAD,43.872,anios,2023,OWID_MEDIAN_AGE,
RG2025_V1,SRB,HUM_EV,76.1414634146,anios,2023,WB_WDI,
RG2025_V1,SRB,ECO_PC,13373.732811815,USD_corrientes_por_hab,2024,WB_WDI_NY.GDP.MKTP.CD,PIB nominal WDI 2024 / poblacion 2024.
RG2025_V1,SRB,HUM_IDH,0.833,indice_0_1,2023,UNDP_HDR,
RG2025_V1,SYC,TERR_DENS,288.6869565217,hab/km2,2025,CALC_UNWPP_FAOSTAT_OWID,Poblacion 2025 / superficie terrestre 2023.
RG2025_V1,SYC,POB_URB,45.0971081322,%,2023,WB_WDI_SP.URB.TOTL.IN.ZS,Definicion urbana nacional armonizada por ONU/WDI.
RG2025_V1,SYC,POB_EDAD,33.653,anios,2023,OWID_MEDIAN_AGE,
RG2025_V1,SYC,HUM_EV,75.4195121951,anios,2023,WB_WDI,
RG2025_V1,SYC,ECO_PC,17085.8404451157,USD_corrientes_por_hab,2024,WB_WDI_NY.GDP.MKTP.CD,PIB nominal WDI 2024 / poblacion 2024.
RG2025_V1,SYC,HUM_IDH,0.848,indice_0_1,2023,UNDP_HDR,
RG2025_V1,SLE,TERR_DENS,122.191687448,hab/km2,2025,CALC_UNWPP_FAOSTAT_OWID,Poblacion 2025 / superficie terrestre 2023.
RG2025_V1,SLE,POB_URB,44.8093249912,%,2023,WB_WDI_SP.URB.TOTL.IN.ZS,Definicion urbana nacional armonizada por ONU/WDI.
RG2025_V1,SLE,POB_EDAD,19.27,anios,2023,OWID_MEDIAN_AGE,
RG2025_V1,SLE,HUM_EV,61.786,anios,2023,WB_WDI,
RG2025_V1,SLE,ECO_PC,806.653996888,USD_corrientes_por_hab,2024,WB_WDI_NY.GDP.MKTP.CD,PIB nominal WDI 2024 / poblacion 2024.
RG2025_V1,SLE,HUM_IDH,0.467,indice_0_1,2023,UNDP_HDR,
RG2025_V1,SGP,TERR_DENS,8176.5306406685,hab/km2,2025,CALC_UNWPP_FAOSTAT_OWID,Poblacion 2025 / superficie terrestre 2023.
RG2025_V1,SGP,POB_URB,100,%,2023,WB_WDI_SP.URB.TOTL.IN.ZS,Definicion urbana nacional armonizada por ONU/WDI.
RG2025_V1,SGP,POB_EDAD,35.102,anios,2023,OWID_MEDIAN_AGE,
RG2025_V1,SGP,HUM_EV,83.0975609756,anios,2023,WB_WDI,
RG2025_V1,SGP,ECO_PC,98223.4649687044,USD_corrientes_por_hab,2024,WB_WDI_NY.GDP.MKTP.CD,PIB nominal WDI 2024 / poblacion 2024.
RG2025_V1,SGP,HUM_IDH,0.946,indice_0_1,2023,UNDP_HDR,
RG2025_V1,SVK,TERR_DENS,113.8700915141,hab/km2,2025,CALC_UNWPP_FAOSTAT_OWID,Poblacion 2025 / superficie terrestre 2023.
RG2025_V1,SVK,POB_URB,53.1908050196,%,2023,WB_WDI_SP.URB.TOTL.IN.ZS,Definicion urbana nacional armonizada por ONU/WDI.
RG2025_V1,SVK,POB_EDAD,41.302,anios,2023,OWID_MEDIAN_AGE,
RG2025_V1,SVK,HUM_EV,78.1195121951,anios,2023,WB_WDI,
RG2025_V1,SVK,ECO_PC,25592.9261717055,USD_corrientes_por_hab,2024,WB_WDI_NY.GDP.MKTP.CD,PIB nominal WDI 2024 / poblacion 2024.
RG2025_V1,SVK,HUM_IDH,0.88,indice_0_1,2023,UNDP_HDR,
RG2025_V1,VNM,TERR_DENS,324.1516579512,hab/km2,2025,CALC_UNWPP_FAOSTAT_OWID,Poblacion 2025 / superficie terrestre 2023.
RG2025_V1,VNM,POB_URB,38.1298904419,%,2023,WB_WDI_SP.URB.TOTL.IN.ZS,Definicion urbana nacional armonizada por ONU/WDI.
RG2025_V1,VNM,POB_EDAD,32.429,anios,2023,OWID_MEDIAN_AGE,
RG2025_V1,VNM,HUM_EV,74.588,anios,2023,WB_WDI,
RG2025_V1,VNM,ECO_PC,4716.6599846685,USD_corrientes_por_hab,2024,WB_WDI_NY.GDP.MKTP.CD,PIB nominal WDI 2024 / poblacion 2024.
RG2025_V1,VNM,HUM_IDH,0.766,indice_0_1,2023,UNDP_HDR,
RG2025_V1,SVN,TERR_DENS,105.1463905237,hab/km2,2025,CALC_UNWPP_FAOSTAT_OWID,Poblacion 2025 / superficie terrestre 2023.
RG2025_V1,SVN,POB_URB,55.537892779,%,2023,WB_WDI_SP.URB.TOTL.IN.ZS,Definicion urbana nacional armonizada por ONU/WDI.
RG2025_V1,SVN,POB_EDAD,43.894,anios,2023,OWID_MEDIAN_AGE,
RG2025_V1,SVN,HUM_EV,81.9292682927,anios,2023,WB_WDI,
RG2025_V1,SVN,ECO_PC,34442.0119570876,USD_corrientes_por_hab,2024,WB_WDI_NY.GDP.MKTP.CD,PIB nominal WDI 2024 / poblacion 2024.
RG2025_V1,SVN,HUM_IDH,0.931,indice_0_1,2023,UNDP_HDR,
RG2025_V1,SOM,TERR_DENS,31.330288201,hab/km2,2025,CALC_UNWPP_FAOSTAT_OWID,Poblacion 2025 / superficie terrestre 2023.
RG2025_V1,SOM,POB_URB,54.0714435507,%,2023,WB_WDI_SP.URB.TOTL.IN.ZS,Definicion urbana nacional armonizada por ONU/WDI.
RG2025_V1,SOM,POB_EDAD,15.447,anios,2023,OWID_MEDIAN_AGE,
RG2025_V1,SOM,HUM_EV,58.816,anios,2023,WB_WDI,
RG2025_V1,SOM,ECO_PC,629.5387669783,USD_corrientes_por_hab,2024,WB_WDI_NY.GDP.MKTP.CD,PIB nominal WDI 2024 / poblacion 2024.
RG2025_V1,SOM,HUM_IDH,0.404,indice_0_1,2023,UNDP_HDR,
RG2025_V1,ZAF,TERR_DENS,53.3738791021,hab/km2,2025,CALC_UNWPP_FAOSTAT_OWID,Poblacion 2025 / superficie terrestre 2023.
RG2025_V1,ZAF,POB_URB,63.5823705164,%,2023,WB_WDI_SP.URB.TOTL.IN.ZS,Definicion urbana nacional armonizada por ONU/WDI.
RG2025_V1,ZAF,POB_EDAD,28.213,anios,2023,OWID_MEDIAN_AGE,
RG2025_V1,ZAF,HUM_EV,66.139,anios,2023,WB_WDI,
RG2025_V1,ZAF,ECO_PC,6267.186814093,USD_corrientes_por_hab,2024,WB_WDI_NY.GDP.MKTP.CD,PIB nominal WDI 2024 / poblacion 2024.
RG2025_V1,ZAF,HUM_IDH,0.741,indice_0_1,2023,UNDP_HDR,
RG2025_V1,ZWE,TERR_DENS,43.8174951532,hab/km2,2025,CALC_UNWPP_FAOSTAT_OWID,Poblacion 2025 / superficie terrestre 2023.
RG2025_V1,ZWE,POB_URB,39.2919370796,%,2023,WB_WDI_SP.URB.TOTL.IN.ZS,Definicion urbana nacional armonizada por ONU/WDI.
RG2025_V1,ZWE,POB_EDAD,17.808,anios,2023,OWID_MEDIAN_AGE,
RG2025_V1,ZWE,HUM_EV,62.775,anios,2023,WB_WDI,
RG2025_V1,ZWE,ECO_PC,2496.1562003767,USD_corrientes_por_hab,2024,WB_WDI_NY.GDP.MKTP.CD,PIB nominal WDI 2024 / poblacion 2024.
RG2025_V1,ZWE,HUM_IDH,0.598,indice_0_1,2023,UNDP_HDR,
RG2025_V1,ESP,TERR_DENS,95.8379211099,hab/km2,2025,CALC_UNWPP_FAOSTAT_OWID,Poblacion 2025 / superficie terrestre 2023.
RG2025_V1,ESP,POB_URB,80.1284910019,%,2023,WB_WDI_SP.URB.TOTL.IN.ZS,Definicion urbana nacional armonizada por ONU/WDI.
RG2025_V1,ESP,POB_EDAD,44.903,anios,2023,OWID_MEDIAN_AGE,
RG2025_V1,ESP,HUM_EV,83.9341463415,anios,2023,WB_WDI,
RG2025_V1,ESP,ECO_PC,36018.6277356211,USD_corrientes_por_hab,2024,WB_WDI_NY.GDP.MKTP.CD,PIB nominal WDI 2024 / poblacion 2024.
RG2025_V1,ESP,HUM_IDH,0.918,indice_0_1,2023,UNDP_HDR,
RG2025_V1,SSD,TERR_DENS,19.2882091371,hab/km2,2025,CALC_UNWPP_FAOSTAT_OWID,Poblacion 2025 / superficie terrestre 2023.
RG2025_V1,SSD,POB_URB,21.073775528,%,2023,WB_WDI_SP.URB.TOTL.IN.ZS,Definicion urbana nacional armonizada por ONU/WDI.
RG2025_V1,SSD,POB_EDAD,17.97,anios,2023,OWID_MEDIAN_AGE,
RG2025_V1,SSD,HUM_EV,57.617,anios,2023,WB_WDI,
RG2025_V1,SSD,HUM_IDH,0.388,indice_0_1,2023,UNDP_HDR,
RG2025_V1,SDN,TERR_DENS,27.6563966809,hab/km2,2025,CALC_UNWPP_FAOSTAT_OWID,Poblacion 2025 / superficie terrestre 2023.
RG2025_V1,SDN,POB_URB,34.7960076977,%,2023,WB_WDI_SP.URB.TOTL.IN.ZS,Definicion urbana nacional armonizada por ONU/WDI.
RG2025_V1,SDN,POB_EDAD,18.276,anios,2023,OWID_MEDIAN_AGE,
RG2025_V1,SDN,HUM_EV,66.331,anios,2023,WB_WDI,
RG2025_V1,SDN,ECO_PC,984.6077206173,USD_corrientes_por_hab,2024,WB_WDI_NY.GDP.MKTP.CD,PIB nominal WDI 2024 / poblacion 2024.
RG2025_V1,SDN,HUM_IDH,0.511,indice_0_1,2023,UNDP_HDR,
RG2025_V1,ESH,TERR_DENS,2.2590714286,hab/km2,2025,CALC_UNWPP_FAOSTAT_OWID,Poblacion 2025 / superficie terrestre 2023.
RG2025_V1,ESH,POB_EDAD,32.037,anios,2023,OWID_MEDIAN_AGE,
RG2025_V1,SUR,TERR_DENS,3.9864776505,hab/km2,2025,CALC_UNWPP_FAOSTAT_OWID,Poblacion 2025 / superficie terrestre 2023.
RG2025_V1,SUR,POB_URB,65.7562408447,%,2023,WB_WDI_SP.URB.TOTL.IN.ZS,Definicion urbana nacional armonizada por ONU/WDI.
RG2025_V1,SUR,POB_EDAD,28.1,anios,2023,OWID_MEDIAN_AGE,
RG2025_V1,SUR,HUM_EV,73.631,anios,2023,WB_WDI,
RG2025_V1,SUR,ECO_PC,6961.7127484839,USD_corrientes_por_hab,2024,WB_WDI_NY.GDP.MKTP.CD,PIB nominal WDI 2024 / poblacion 2024.
RG2025_V1,SUR,HUM_IDH,0.722,indice_0_1,2023,UNDP_HDR,
RG2025_V1,SWZ,TERR_DENS,73.0336046512,hab/km2,2025,CALC_UNWPP_FAOSTAT_OWID,Poblacion 2025 / superficie terrestre 2023.
RG2025_V1,SWZ,POB_URB,25.8081878501,%,2023,WB_WDI_SP.URB.TOTL.IN.ZS,Definicion urbana nacional armonizada por ONU/WDI.
RG2025_V1,SWZ,POB_EDAD,21.995,anios,2023,OWID_MEDIAN_AGE,
RG2025_V1,SWZ,HUM_EV,64.123,anios,2023,WB_WDI,
RG2025_V1,SWZ,ECO_PC,3909.5369039283,USD_corrientes_por_hab,2024,WB_WDI_NY.GDP.MKTP.CD,PIB nominal WDI 2024 / poblacion 2024.
RG2025_V1,SWZ,HUM_IDH,0.695,indice_0_1,2023,UNDP_HDR,
RG2025_V1,SWE,TERR_DENS,26.1660225403,hab/km2,2025,CALC_UNWPP_FAOSTAT_OWID,Poblacion 2025 / superficie terrestre 2023.
RG2025_V1,SWE,POB_URB,88.6312161609,%,2023,WB_WDI_SP.URB.TOTL.IN.ZS,Definicion urbana nacional armonizada por ONU/WDI.
RG2025_V1,SWE,POB_EDAD,39.913,anios,2023,OWID_MEDIAN_AGE,
RG2025_V1,SWE,HUM_EV,83.3097560976,anios,2023,WB_WDI,
RG2025_V1,SWE,ECO_PC,57021.5699669626,USD_corrientes_por_hab,2024,WB_WDI_NY.GDP.MKTP.CD,PIB nominal WDI 2024 / poblacion 2024.
RG2025_V1,SWE,HUM_IDH,0.959,indice_0_1,2023,UNDP_HDR,
RG2025_V1,CHE,TERR_DENS,226.9677797539,hab/km2,2025,CALC_UNWPP_FAOSTAT_OWID,Poblacion 2025 / superficie terrestre 2023.
RG2025_V1,CHE,POB_URB,85.185421268,%,2023,WB_WDI_SP.URB.TOTL.IN.ZS,Definicion urbana nacional armonizada por ONU/WDI.
RG2025_V1,CHE,POB_EDAD,42.331,anios,2023,OWID_MEDIAN_AGE,
RG2025_V1,CHE,HUM_EV,84.156097561,anios,2023,WB_WDI,
RG2025_V1,CHE,ECO_PC,108711.2832696517,USD_corrientes_por_hab,2024,WB_WDI_NY.GDP.MKTP.CD,PIB nominal WDI 2024 / poblacion 2024.
RG2025_V1,CHE,HUM_IDH,0.97,indice_0_1,2023,UNDP_HDR,
RG2025_V1,SYR,TERR_DENS,139.521968088,hab/km2,2025,CALC_UNWPP_FAOSTAT_OWID,Poblacion 2025 / superficie terrestre 2023.
RG2025_V1,SYR,POB_URB,72.1673803143,%,2023,WB_WDI_SP.URB.TOTL.IN.ZS,Definicion urbana nacional armonizada por ONU/WDI.
RG2025_V1,SYR,POB_EDAD,22.249,anios,2023,OWID_MEDIAN_AGE,
RG2025_V1,SYR,HUM_EV,72.12,anios,2023,WB_WDI,
RG2025_V1,SYR,HUM_IDH,0.564,indice_0_1,2023,UNDP_HDR,
RG2025_V1,TJK,TERR_DENS,77.7198501333,hab/km2,2025,CALC_UNWPP_FAOSTAT_OWID,Poblacion 2025 / superficie terrestre 2023.
RG2025_V1,TJK,POB_URB,26.1890127571,%,2023,WB_WDI_SP.URB.TOTL.IN.ZS,Definicion urbana nacional armonizada por ONU/WDI.
RG2025_V1,TJK,POB_EDAD,21.925,anios,2023,OWID_MEDIAN_AGE,
RG2025_V1,TJK,HUM_EV,71.79,anios,2023,WB_WDI,
RG2025_V1,TJK,ECO_PC,1362.0252140079,USD_corrientes_por_hab,2024,WB_WDI_NY.GDP.MKTP.CD,PIB nominal WDI 2024 / poblacion 2024.
RG2025_V1,TJK,HUM_IDH,0.691,indice_0_1,2023,UNDP_HDR,
RG2025_V1,THA,TERR_DENS,140.1864706688,hab/km2,2025,CALC_UNWPP_FAOSTAT_OWID,Poblacion 2025 / superficie terrestre 2023.
RG2025_V1,THA,POB_URB,60.9341926575,%,2023,WB_WDI_SP.URB.TOTL.IN.ZS,Definicion urbana nacional armonizada por ONU/WDI.
RG2025_V1,THA,POB_EDAD,39.658,anios,2023,OWID_MEDIAN_AGE,
RG2025_V1,THA,HUM_EV,76.412,anios,2023,WB_WDI,
RG2025_V1,THA,ECO_PC,7386.636254328,USD_corrientes_por_hab,2024,WB_WDI_NY.GDP.MKTP.CD,PIB nominal WDI 2024 / poblacion 2024.
RG2025_V1,THA,HUM_IDH,0.798,indice_0_1,2023,UNDP_HDR,
RG2025_V1,TGO,TERR_DENS,157.963412392,hab/km2,2025,CALC_UNWPP_FAOSTAT_OWID,Poblacion 2025 / superficie terrestre 2023.
RG2025_V1,TGO,POB_URB,43.2496853032,%,2023,WB_WDI_SP.URB.TOTL.IN.ZS,Definicion urbana nacional armonizada por ONU/WDI.
RG2025_V1,TGO,POB_EDAD,18.144,anios,2023,OWID_MEDIAN_AGE,
RG2025_V1,TGO,HUM_EV,62.74,anios,2023,WB_WDI,
RG2025_V1,TGO,ECO_PC,1266.0883796434,USD_corrientes_por_hab,2024,WB_WDI_NY.GDP.MKTP.CD,PIB nominal WDI 2024 / poblacion 2024.
RG2025_V1,TGO,HUM_IDH,0.571,indice_0_1,2023,UNDP_HDR,
RG2025_V1,TKL,TERR_DENS,263.2,hab/km2,2025,CALC_UNWPP_FAOSTAT_OWID,Poblacion 2025 / superficie terrestre 2023.
RG2025_V1,TKL,POB_EDAD,26.65,anios,2023,OWID_MEDIAN_AGE,
RG2025_V1,TON,TERR_DENS,144.1097222222,hab/km2,2025,CALC_UNWPP_FAOSTAT_OWID,Poblacion 2025 / superficie terrestre 2023.
RG2025_V1,TON,POB_URB,21.1479445413,%,2023,WB_WDI_SP.URB.TOTL.IN.ZS,Definicion urbana nacional armonizada por ONU/WDI.
RG2025_V1,TON,POB_EDAD,20.695,anios,2023,OWID_MEDIAN_AGE,
RG2025_V1,TON,HUM_EV,72.895,anios,2023,WB_WDI,
RG2025_V1,TON,ECO_PC,6214.3758047383,USD_corrientes_por_hab,2024,WB_WDI_NY.GDP.MKTP.CD,PIB nominal WDI 2024 / poblacion 2024.
RG2025_V1,TON,HUM_IDH,0.769,indice_0_1,2023,UNDP_HDR,
RG2025_V1,TTO,TERR_DENS,294.5738791423,hab/km2,2025,CALC_UNWPP_FAOSTAT_OWID,Poblacion 2025 / superficie terrestre 2023.
RG2025_V1,TTO,POB_URB,53.9536842105,%,2023,WB_WDI_SP.URB.TOTL.IN.ZS,Definicion urbana nacional armonizada por ONU/WDI.
RG2025_V1,TTO,POB_EDAD,36.718,anios,2023,OWID_MEDIAN_AGE,
RG2025_V1,TTO,HUM_EV,73.49,anios,2023,WB_WDI,
RG2025_V1,TTO,ECO_PC,17000.8744851596,USD_corrientes_por_hab,2024,WB_WDI_NY.GDP.MKTP.CD,PIB nominal WDI 2024 / poblacion 2024.
RG2025_V1,TTO,HUM_IDH,0.807,indice_0_1,2023,UNDP_HDR,
RG2025_V1,ARE,TERR_DENS,159.7578991833,hab/km2,2025,CALC_UNWPP_FAOSTAT_OWID,Poblacion 2025 / superficie terrestre 2023.
RG2025_V1,ARE,POB_URB,85.6680699003,%,2023,WB_WDI_SP.URB.TOTL.IN.ZS,Definicion urbana nacional armonizada por ONU/WDI.
RG2025_V1,ARE,POB_EDAD,31.232,anios,2023,OWID_MEDIAN_AGE,
RG2025_V1,ARE,HUM_EV,82.909,anios,2023,WB_WDI,
RG2025_V1,ARE,ECO_PC,50087.7987887037,USD_corrientes_por_hab,2024,WB_WDI_NY.GDP.MKTP.CD,PIB nominal WDI 2024 / poblacion 2024.
RG2025_V1,ARE,HUM_IDH,0.94,indice_0_1,2023,UNDP_HDR,
RG2025_V1,TUN,TERR_DENS,79.4836251287,hab/km2,2025,CALC_UNWPP_FAOSTAT_OWID,Poblacion 2025 / superficie terrestre 2023.
RG2025_V1,TUN,POB_URB,70.0266686487,%,2023,WB_WDI_SP.URB.TOTL.IN.ZS,Definicion urbana nacional armonizada por ONU/WDI.
RG2025_V1,TUN,POB_EDAD,32.127,anios,2023,OWID_MEDIAN_AGE,
RG2025_V1,TUN,HUM_EV,76.508,anios,2023,WB_WDI,
RG2025_V1,TUN,ECO_PC,4187.642840485,USD_corrientes_por_hab,2024,WB_WDI_NY.GDP.MKTP.CD,PIB nominal WDI 2024 / poblacion 2024.
RG2025_V1,TUN,HUM_IDH,0.746,indice_0_1,2023,UNDP_HDR,
RG2025_V1,TUR,TERR_DENS,113.9319244312,hab/km2,2025,CALC_UNWPP_FAOSTAT_OWID,Poblacion 2025 / superficie terrestre 2023.
RG2025_V1,TUR,POB_URB,89.0218446796,%,2023,WB_WDI_SP.URB.TOTL.IN.ZS,Definicion urbana nacional armonizada por ONU/WDI.
RG2025_V1,TUR,POB_EDAD,32.52,anios,2023,OWID_MEDIAN_AGE,
RG2025_V1,TUR,HUM_EV,77.156,anios,2023,WB_WDI,
RG2025_V1,TUR,ECO_PC,15537.4954417679,USD_corrientes_por_hab,2024,WB_WDI_NY.GDP.MKTP.CD,PIB nominal WDI 2024 / poblacion 2024.
RG2025_V1,TUR,HUM_IDH,0.853,indice_0_1,2023,UNDP_HDR,
RG2025_V1,TKM,TERR_DENS,16.2127380674,hab/km2,2025,CALC_UNWPP_FAOSTAT_OWID,Poblacion 2025 / superficie terrestre 2023.
RG2025_V1,TKM,POB_URB,47.0678875054,%,2023,WB_WDI_SP.URB.TOTL.IN.ZS,Definicion urbana nacional armonizada por ONU/WDI.
RG2025_V1,TKM,POB_EDAD,26.232,anios,2023,OWID_MEDIAN_AGE,
RG2025_V1,TKM,HUM_EV,70.073,anios,2023,WB_WDI,
RG2025_V1,TKM,ECO_PC,5904.260877016,USD_corrientes_por_hab,2024,WB_WDI_NY.GDP.MKTP.CD,PIB nominal WDI 2024 / poblacion 2024.
RG2025_V1,TKM,HUM_IDH,0.764,indice_0_1,2023,UNDP_HDR,
RG2025_V1,TCA,TERR_DENS,49.3473684211,hab/km2,2025,CALC_UNWPP_FAOSTAT_OWID,Poblacion 2025 / superficie terrestre 2023.
RG2025_V1,TCA,POB_URB,93.9324513657,%,2023,WB_WDI_SP.URB.TOTL.IN.ZS,Definicion urbana nacional armonizada por ONU/WDI.
RG2025_V1,TCA,POB_EDAD,38.298,anios,2023,OWID_MEDIAN_AGE,
RG2025_V1,TCA,HUM_EV,78.008,anios,2023,WB_WDI,
RG2025_V1,TCA,ECO_PC,37484.2256727445,USD_corrientes_por_hab,2024,WB_WDI_NY.GDP.MKTP.CD,PIB nominal WDI 2024 / poblacion 2024.
RG2025_V1,TUV,TERR_DENS,317.2,hab/km2,2025,CALC_UNWPP_FAOSTAT_OWID,Poblacion 2025 / superficie terrestre 2023.
RG2025_V1,TUV,POB_URB,64.011720669,%,2023,WB_WDI_SP.URB.TOTL.IN.ZS,Definicion urbana nacional armonizada por ONU/WDI.
RG2025_V1,TUV,POB_EDAD,24.286,anios,2023,OWID_MEDIAN_AGE,
RG2025_V1,TUV,HUM_EV,67.105,anios,2023,WB_WDI,
RG2025_V1,TUV,ECO_PC,5869.5072707846,USD_corrientes_por_hab,2024,WB_WDI_NY.GDP.MKTP.CD,PIB nominal WDI 2024 / poblacion 2024.
RG2025_V1,TUV,HUM_IDH,0.689,indice_0_1,2023,UNDP_HDR,
RG2025_V1,UGA,TERR_DENS,256.2581936964,hab/km2,2025,CALC_UNWPP_FAOSTAT_OWID,Poblacion 2025 / superficie terrestre 2023.
RG2025_V1,UGA,POB_URB,30.6059359395,%,2023,WB_WDI_SP.URB.TOTL.IN.ZS,Definicion urbana nacional armonizada por ONU/WDI.
RG2025_V1,UGA,POB_EDAD,16.514,anios,2023,OWID_MEDIAN_AGE,
RG2025_V1,UGA,HUM_EV,68.252,anios,2023,WB_WDI,
RG2025_V1,UGA,ECO_PC,1077.9128059379,USD_corrientes_por_hab,2024,WB_WDI_NY.GDP.MKTP.CD,PIB nominal WDI 2024 / poblacion 2024.
RG2025_V1,UGA,HUM_IDH,0.582,indice_0_1,2023,UNDP_HDR,
RG2025_V1,UKR,TERR_DENS,67.2771487746,hab/km2,2025,CALC_UNWPP_FAOSTAT_OWID,Poblacion 2025 / superficie terrestre 2023.
RG2025_V1,UKR,POB_URB,69.4754455028,%,2023,WB_WDI_SP.URB.TOTL.IN.ZS,Definicion urbana nacional armonizada por ONU/WDI.
RG2025_V1,UKR,POB_EDAD,41.984,anios,2023,OWID_MEDIAN_AGE,
RG2025_V1,UKR,HUM_EV,73.422,anios,2023,WB_WDI,
RG2025_V1,UKR,ECO_PC,5040.4839275793,USD_corrientes_por_hab,2024,WB_WDI_NY.GDP.MKTP.CD,PIB nominal WDI 2024 / poblacion 2024.
RG2025_V1,UKR,HUM_IDH,0.779,indice_0_1,2023,UNDP_HDR,
RG2025_V1,MKD,TERR_DENS,71.9187946075,hab/km2,2025,CALC_UNWPP_FAOSTAT_OWID,Poblacion 2025 / superficie terrestre 2023.
RG2025_V1,MKD,POB_URB,62.2518322546,%,2023,WB_WDI_SP.URB.TOTL.IN.ZS,Definicion urbana nacional armonizada por ONU/WDI.
RG2025_V1,MKD,POB_EDAD,40.26,anios,2023,OWID_MEDIAN_AGE,
RG2025_V1,MKD,HUM_EV,75.316097561,anios,2023,WB_WDI,
RG2025_V1,MKD,ECO_PC,9298.7273370244,USD_corrientes_por_hab,2024,WB_WDI_NY.GDP.MKTP.CD,PIB nominal WDI 2024 / poblacion 2024.
RG2025_V1,MKD,HUM_IDH,0.815,indice_0_1,2023,UNDP_HDR,
RG2025_V1,EGY,TERR_DENS,118.9070219499,hab/km2,2025,CALC_UNWPP_FAOSTAT_OWID,Poblacion 2025 / superficie terrestre 2023.
RG2025_V1,EGY,POB_URB,42.7098115042,%,2023,WB_WDI_SP.URB.TOTL.IN.ZS,Definicion urbana nacional armonizada por ONU/WDI.
RG2025_V1,EGY,POB_EDAD,24.028,anios,2023,OWID_MEDIAN_AGE,
RG2025_V1,EGY,HUM_EV,71.633,anios,2023,WB_WDI,
RG2025_V1,EGY,ECO_PC,3338.4737677308,USD_corrientes_por_hab,2024,WB_WDI_NY.GDP.MKTP.CD,PIB nominal WDI 2024 / poblacion 2024.
RG2025_V1,EGY,HUM_IDH,0.754,indice_0_1,2023,UNDP_HDR,
RG2025_V1,GBR,TERR_DENS,287.4853635349,hab/km2,2025,CALC_UNWPP_FAOSTAT_OWID,Poblacion 2025 / superficie terrestre 2023.
RG2025_V1,GBR,POB_URB,83.1601932891,%,2023,WB_WDI_SP.URB.TOTL.IN.ZS,Definicion urbana nacional armonizada por ONU/WDI.
RG2025_V1,GBR,POB_EDAD,39.782,anios,2023,OWID_MEDIAN_AGE,
RG2025_V1,GBR,HUM_EV,81.238097561,anios,2023,WB_WDI,
RG2025_V1,GBR,ECO_PC,53451.4973676869,USD_corrientes_por_hab,2024,WB_WDI_NY.GDP.MKTP.CD,PIB nominal WDI 2024 / poblacion 2024.
RG2025_V1,GBR,HUM_IDH,0.946,indice_0_1,2023,UNDP_HDR,
RG2025_V1,GGY,POB_EDAD,43.978,anios,2023,OWID_MEDIAN_AGE,
RG2025_V1,JEY,POB_EDAD,43.101,anios,2023,OWID_MEDIAN_AGE,
RG2025_V1,IMN,TERR_DENS,147.6052631579,hab/km2,2025,CALC_UNWPP_FAOSTAT_OWID,Poblacion 2025 / superficie terrestre 2023.
RG2025_V1,IMN,POB_URB,52.183257173,%,2023,WB_WDI_SP.URB.TOTL.IN.ZS,Definicion urbana nacional armonizada por ONU/WDI.
RG2025_V1,IMN,POB_EDAD,45.676,anios,2023,OWID_MEDIAN_AGE,
RG2025_V1,IMN,HUM_EV,80.999,anios,2023,WB_WDI,
RG2025_V1,TZA,TERR_DENS,79.6408478212,hab/km2,2025,CALC_UNWPP_FAOSTAT_OWID,Poblacion 2025 / superficie terrestre 2023.
RG2025_V1,TZA,POB_URB,35.4748019435,%,2023,WB_WDI_SP.URB.TOTL.IN.ZS,Definicion urbana nacional armonizada por ONU/WDI.
RG2025_V1,TZA,POB_EDAD,17.24,anios,2023,OWID_MEDIAN_AGE,
RG2025_V1,TZA,HUM_EV,66.995,anios,2023,WB_WDI,
RG2025_V1,TZA,ECO_PC,1155.7107091576,USD_corrientes_por_hab,2024,WB_WDI_NY.GDP.MKTP.CD,PIB nominal WDI 2024 / poblacion 2024.
RG2025_V1,TZA,HUM_IDH,0.555,indice_0_1,2023,UNDP_HDR,
RG2025_V1,USA,TERR_DENS,37.9643450284,hab/km2,2025,CALC_UNWPP_FAOSTAT_OWID,Poblacion 2025 / superficie terrestre 2023.
RG2025_V1,USA,POB_URB,80.0715611192,%,2023,WB_WDI_SP.URB.TOTL.IN.ZS,Definicion urbana nacional armonizada por ONU/WDI.
RG2025_V1,USA,POB_EDAD,38.023,anios,2023,OWID_MEDIAN_AGE,
RG2025_V1,USA,HUM_EV,78.3853658537,anios,2023,WB_WDI,
RG2025_V1,USA,ECO_PC,84816.9072207376,USD_corrientes_por_hab,2024,WB_WDI_NY.GDP.MKTP.CD,PIB nominal WDI 2024 / poblacion 2024.
RG2025_V1,USA,HUM_IDH,0.938,indice_0_1,2023,UNDP_HDR,
RG2025_V1,VIR,TERR_DENS,240.4314285714,hab/km2,2025,CALC_UNWPP_FAOSTAT_OWID,Poblacion 2025 / superficie terrestre 2023.
RG2025_V1,VIR,POB_URB,95.2740790946,%,2023,WB_WDI_SP.URB.TOTL.IN.ZS,Definicion urbana nacional armonizada por ONU/WDI.
RG2025_V1,VIR,POB_EDAD,44.667,anios,2023,OWID_MEDIAN_AGE,
RG2025_V1,VIR,HUM_EV,80.5195121951,anios,2023,WB_WDI,
RG2025_V1,BFA,TERR_DENS,87.9918932749,hab/km2,2025,CALC_UNWPP_FAOSTAT_OWID,Poblacion 2025 / superficie terrestre 2023.
RG2025_V1,BFA,POB_URB,27.7872478365,%,2023,WB_WDI_SP.URB.TOTL.IN.ZS,Definicion urbana nacional armonizada por ONU/WDI.
RG2025_V1,BFA,POB_EDAD,17.254,anios,2023,OWID_MEDIAN_AGE,
RG2025_V1,BFA,HUM_EV,61.092,anios,2023,WB_WDI,
RG2025_V1,BFA,ECO_PC,982.4930586968,USD_corrientes_por_hab,2024,WB_WDI_NY.GDP.MKTP.CD,PIB nominal WDI 2024 / poblacion 2024.
RG2025_V1,BFA,HUM_IDH,0.459,indice_0_1,2023,UNDP_HDR,
RG2025_V1,URY,TERR_DENS,19.3388527025,hab/km2,2025,CALC_UNWPP_FAOSTAT_OWID,Poblacion 2025 / superficie terrestre 2023.
RG2025_V1,URY,POB_URB,95.5439605713,%,2023,WB_WDI_SP.URB.TOTL.IN.ZS,Definicion urbana nacional armonizada por ONU/WDI.
RG2025_V1,URY,POB_EDAD,35.779,anios,2023,OWID_MEDIAN_AGE,
RG2025_V1,URY,HUM_EV,78.138,anios,2023,WB_WDI,
RG2025_V1,URY,ECO_PC,24308.5313852581,USD_corrientes_por_hab,2024,WB_WDI_NY.GDP.MKTP.CD,PIB nominal WDI 2024 / poblacion 2024.
RG2025_V1,URY,HUM_IDH,0.862,indice_0_1,2023,UNDP_HDR,
RG2025_V1,UZB,TERR_DENS,84.0881152842,hab/km2,2025,CALC_UNWPP_FAOSTAT_OWID,Poblacion 2025 / superficie terrestre 2023.
RG2025_V1,UZB,POB_URB,50.9964841115,%,2023,WB_WDI_SP.URB.TOTL.IN.ZS,Definicion urbana nacional armonizada por ONU/WDI.
RG2025_V1,UZB,POB_EDAD,26.914,anios,2023,OWID_MEDIAN_AGE,
RG2025_V1,UZB,HUM_EV,72.388,anios,2023,WB_WDI,
RG2025_V1,UZB,ECO_PC,3337.4549205867,USD_corrientes_por_hab,2024,WB_WDI_NY.GDP.MKTP.CD,PIB nominal WDI 2024 / poblacion 2024.
RG2025_V1,UZB,HUM_IDH,0.74,indice_0_1,2023,UNDP_HDR,
RG2025_V1,VEN,TERR_DENS,32.330253387,hab/km2,2025,CALC_UNWPP_FAOSTAT_OWID,Poblacion 2025 / superficie terrestre 2023.
RG2025_V1,VEN,POB_URB,89.2496276202,%,2023,WB_WDI_SP.URB.TOTL.IN.ZS,Definicion urbana nacional armonizada por ONU/WDI.
RG2025_V1,VEN,POB_EDAD,29.025,anios,2023,OWID_MEDIAN_AGE,
RG2025_V1,VEN,HUM_EV,72.514,anios,2023,WB_WDI,
RG2025_V1,VEN,ECO_PC,4244.4570819366,USD_corrientes_por_hab,2024,WB_WDI_NY.GDP.MKTP.CD,PIB nominal WDI 2024 / poblacion 2024.
RG2025_V1,VEN,HUM_IDH,0.709,indice_0_1,2023,UNDP_HDR,
RG2025_V1,WLF,TERR_DENS,79.0281690141,hab/km2,2025,CALC_UNWPP_FAOSTAT_OWID,Poblacion 2025 / superficie terrestre 2023.
RG2025_V1,WLF,POB_EDAD,37.166,anios,2023,OWID_MEDIAN_AGE,
RG2025_V1,WSM,TERR_DENS,78.8902877698,hab/km2,2025,CALC_UNWPP_FAOSTAT_OWID,Poblacion 2025 / superficie terrestre 2023.
RG2025_V1,WSM,POB_URB,17.5012799805,%,2023,WB_WDI_SP.URB.TOTL.IN.ZS,Definicion urbana nacional armonizada por ONU/WDI.
RG2025_V1,WSM,POB_EDAD,19.904,anios,2023,OWID_MEDIAN_AGE,
RG2025_V1,WSM,HUM_EV,71.698,anios,2023,WB_WDI,
RG2025_V1,WSM,ECO_PC,5392.5808057163,USD_corrientes_por_hab,2024,WB_WDI_NY.GDP.MKTP.CD,PIB nominal WDI 2024 / poblacion 2024.
RG2025_V1,WSM,HUM_IDH,0.708,indice_0_1,2023,UNDP_HDR,
RG2025_V1,YEM,TERR_DENS,79.1216944145,hab/km2,2025,CALC_UNWPP_FAOSTAT_OWID,Poblacion 2025 / superficie terrestre 2023.
RG2025_V1,YEM,POB_URB,36.5707979837,%,2023,WB_WDI_SP.URB.TOTL.IN.ZS,Definicion urbana nacional armonizada por ONU/WDI.
RG2025_V1,YEM,POB_EDAD,18.184,anios,2023,OWID_MEDIAN_AGE,
RG2025_V1,YEM,HUM_EV,69.295,anios,2023,WB_WDI,
RG2025_V1,YEM,ECO_PC,199.5901109063,USD_corrientes_por_hab,2024,IMF_CR_26_80,PIB nominal 2024 de 8.100 millones USD publicado por el FMI dividido por población UN WPP 2024 de 40.583.173.
RG2025_V1,YEM,HUM_IDH,0.47,indice_0_1,2023,UNDP_HDR,
RG2025_V1,ZMB,TERR_DENS,29.4783061381,hab/km2,2025,CALC_UNWPP_FAOSTAT_OWID,Poblacion 2025 / superficie terrestre 2023.
RG2025_V1,ZMB,POB_URB,45.0285853522,%,2023,WB_WDI_SP.URB.TOTL.IN.ZS,Definicion urbana nacional armonizada por ONU/WDI.
RG2025_V1,ZMB,POB_EDAD,17.49,anios,2023,OWID_MEDIAN_AGE,
RG2025_V1,ZMB,HUM_EV,66.349,anios,2023,WB_WDI,
RG2025_V1,ZMB,ECO_PC,1187.1090993383,USD_corrientes_por_hab,2024,WB_WDI_NY.GDP.MKTP.CD,PIB nominal WDI 2024 / poblacion 2024.
RG2025_V1,ZMB,HUM_IDH,0.595,indice_0_1,2023,UNDP_HDR,
RG2025_V1,XKX,POB_URB,49.1105579102,%,2023,WB_WDI_SP.URB.TOTL.IN.ZS,Definicion urbana nacional armonizada por ONU/WDI.
RG2025_V1,XKX,HUM_EV,78.033,anios,2023,WB_WDI,
