codigo_iso3,codigo_m49,pais,area_codigo,consumo_energia_twh,anio_consumo,consumo_per_capita_kwh,dependencia_energetica_pct,anio_dependencia,autosuficiencia_pct,energia_fosil_twh,energia_fosil_pct,anio_fosil,electricidad_total_twh,electricidad_baja_carbono_twh,electricidad_baja_carbono_pct,anio_electricidad,fuente_consumo,fuente_dependencia,fuente_electricidad,estado_revision,observaciones
AFG,004,Afghanistan,SAI,39.452576,2024.0,899.8374148996413,,,,,,,0.99,0.86,86.86868686868688,2024.0,"U.S. Energy Information Administration (2026); Energy Institute Statistical Review of World Energy (2025), con procesamiento de Our World in Data; Our World in Data (procesamiento reproducible de series energeticas)",International Energy Agency (via World Development Indicators - Banco Mundial EG.IMP.CONS.ZS),Ember - Global Electricity Review 2026 / Electricity Data Explorer (via Our World in Data); Our World in Data (procesamiento reproducible de series energeticas),REVISAR,Consumo de energia primaria en 2024 por ausencia de 2025 en serie OWID/EI/EIA. Sin componentes fosiles completos y comparables; ENE_FOS se mantiene ausente. Sin dependencia energetica WDI en 2023/2022. Electricidad baja en carbono en 2024 por ausencia de 2025.
ALB,008,Albania,EUR,25.593603,2024.0,9234.543878113966,22.7015590200443,2023.0,77.2984409799557,,,,8.34,8.34,100.0,2024.0,"U.S. Energy Information Administration (2026); Energy Institute Statistical Review of World Energy (2025), con procesamiento de Our World in Data; Our World in Data (procesamiento reproducible de series energeticas)",International Energy Agency (via World Development Indicators - Banco Mundial EG.IMP.CONS.ZS),Ember - Global Electricity Review 2026 / Electricity Data Explorer (via Our World in Data); Our World in Data (procesamiento reproducible de series energeticas),REVISAR,Consumo de energia primaria en 2024 por ausencia de 2025 en serie OWID/EI/EIA. Sin componentes fosiles completos y comparables; ENE_FOS se mantiene ausente. Electricidad baja en carbono en 2024 por ausencia de 2025.
DZA,012,Algeria,AFR,760.133,2024.0,16024.623850882392,-129.337044067666,2023.0,229.337044067666,758.184,99.74359750201609,2024.0,96.36,1.03,1.0689082606890827,2024.0,"U.S. Energy Information Administration (2026); Energy Institute Statistical Review of World Energy (2025), con procesamiento de Our World in Data; Our World in Data (procesamiento reproducible de series energeticas)",International Energy Agency (via World Development Indicators - Banco Mundial EG.IMP.CONS.ZS),Ember - Global Electricity Review 2026 / Electricity Data Explorer (via Our World in Data); Our World in Data (procesamiento reproducible de series energeticas),OK,Consumo de energia primaria en 2024 por ausencia de 2025 en serie OWID/EI/EIA. Electricidad baja en carbono en 2024 por ausencia de 2025.
ASM,016,American Samoa,APC,2.3183677,2024.0,50341.29589820424,,,,,,,0.18,0.01,5.555555555555556,2024.0,"U.S. Energy Information Administration (2026); Energy Institute Statistical Review of World Energy (2025), con procesamiento de Our World in Data; Our World in Data (procesamiento reproducible de series energeticas)",International Energy Agency (via World Development Indicators - Banco Mundial EG.IMP.CONS.ZS),Ember - Global Electricity Review 2026 / Electricity Data Explorer (via Our World in Data); Our World in Data (procesamiento reproducible de series energeticas),REVISAR,Consumo de energia primaria en 2024 por ausencia de 2025 en serie OWID/EI/EIA. Sin componentes fosiles completos y comparables; ENE_FOS se mantiene ausente. Sin dependencia energetica WDI en 2023/2022. Electricidad baja en carbono en 2024 por ausencia de 2025. Entidad SEGUN_FUENTE; evitar duplicidad con Estado soberano.
AND,020,Andorra,EUR,,,,,,,,,,,,,,"U.S. Energy Information Administration (2026); Energy Institute Statistical Review of World Energy (2025), con procesamiento de Our World in Data; Our World in Data (procesamiento reproducible de series energeticas)",International Energy Agency (via World Development Indicators - Banco Mundial EG.IMP.CONS.ZS),Ember - Global Electricity Review 2026 / Electricity Data Explorer (via Our World in Data); Our World in Data (procesamiento reproducible de series energeticas),REVISAR,Sin consumo de energia primaria 2025/2024 comparable en las series OWID/EI/EIA revisadas. Sin dependencia energetica WDI en 2023/2022. Sin dato de electricidad baja en carbono 2025/2024 comparable.
AGO,024,Angola,AFR,100.76475,2024.0,2581.0620451816203,-353.971819384273,2022.0,453.971819384273,,,,15.59,11.49,73.70109044259141,2024.0,"U.S. Energy Information Administration (2026); Energy Institute Statistical Review of World Energy (2025), con procesamiento de Our World in Data; Our World in Data (procesamiento reproducible de series energeticas)",International Energy Agency (via World Development Indicators - Banco Mundial EG.IMP.CONS.ZS),Ember - Global Electricity Review 2026 / Electricity Data Explorer (via Our World in Data); Our World in Data (procesamiento reproducible de series energeticas),REVISAR,Consumo de energia primaria en 2024 por ausencia de 2025 en serie OWID/EI/EIA. Sin componentes fosiles completos y comparables; ENE_FOS se mantiene ausente. Dependencia energetica tomada en 2022 por ausencia de 2023. Electricidad baja en carbono en 2024 por ausencia de 2025.
ATG,028,Antigua and Barbuda,NAC,3.1175308,2024.0,33087.07945065908,,,,,,,0.37,0.03,8.108108108108109,2024.0,"U.S. Energy Information Administration (2026); Energy Institute Statistical Review of World Energy (2025), con procesamiento de Our World in Data; Our World in Data (procesamiento reproducible de series energeticas)",International Energy Agency (via World Development Indicators - Banco Mundial EG.IMP.CONS.ZS),Ember - Global Electricity Review 2026 / Electricity Data Explorer (via Our World in Data); Our World in Data (procesamiento reproducible de series energeticas),REVISAR,Consumo de energia primaria en 2024 por ausencia de 2025 en serie OWID/EI/EIA. Sin componentes fosiles completos y comparables; ENE_FOS se mantiene ausente. Sin dependencia energetica WDI en 2023/2022. Electricidad baja en carbono en 2024 por ausencia de 2025.
AZE,031,Azerbaijan,RUE,208.152,2024.0,20019.019568920547,-255.959109290849,2023.0,355.959109290849,198.685,95.45188131749876,2024.0,28.09,3.41,12.139551441794232,2025.0,"U.S. Energy Information Administration (2026); Energy Institute Statistical Review of World Energy (2025), con procesamiento de Our World in Data; Our World in Data (procesamiento reproducible de series energeticas)",International Energy Agency (via World Development Indicators - Banco Mundial EG.IMP.CONS.ZS),Ember - Global Electricity Review 2026 / Electricity Data Explorer (via Our World in Data); Our World in Data (procesamiento reproducible de series energeticas),OK,Consumo de energia primaria en 2024 por ausencia de 2025 en serie OWID/EI/EIA.
ARG,032,Argentina,SAM,983.105,2024.0,21441.1217599366,0.41571453028353,2023.0,99.58428546971648,805.21,81.90478127972088,2024.0,153.15,63.72,41.60626836434867,2025.0,"U.S. Energy Information Administration (2026); Energy Institute Statistical Review of World Energy (2025), con procesamiento de Our World in Data; Our World in Data (procesamiento reproducible de series energeticas)",International Energy Agency (via World Development Indicators - Banco Mundial EG.IMP.CONS.ZS),Ember - Global Electricity Review 2026 / Electricity Data Explorer (via Our World in Data); Our World in Data (procesamiento reproducible de series energeticas),OK,Consumo de energia primaria en 2024 por ausencia de 2025 en serie OWID/EI/EIA.
AUS,036,Australia,APC,1672.114,2024.0,61989.78691499644,-214.471540281044,2023.0,314.471540281044,1413.397,84.52755015507314,2024.0,286.34,110.58,38.61842564783125,2025.0,"U.S. Energy Information Administration (2026); Energy Institute Statistical Review of World Energy (2025), con procesamiento de Our World in Data; Our World in Data (procesamiento reproducible de series energeticas)",International Energy Agency (via World Development Indicators - Banco Mundial EG.IMP.CONS.ZS),Ember - Global Electricity Review 2026 / Electricity Data Explorer (via Our World in Data); Our World in Data (procesamiento reproducible de series energeticas),OK,Consumo de energia primaria en 2024 por ausencia de 2025 en serie OWID/EI/EIA.
AUT,040,Austria,EUR,412.337,2024.0,45244.24984347531,63.9661980292725,2023.0,36.0338019707275,228.061,55.309370733162446,2024.0,73.22,61.21,83.5973777656378,2025.0,"U.S. Energy Information Administration (2026); Energy Institute Statistical Review of World Energy (2025), con procesamiento de Our World in Data; Our World in Data (procesamiento reproducible de series energeticas)",International Energy Agency (via World Development Indicators - Banco Mundial EG.IMP.CONS.ZS),Ember - Global Electricity Review 2026 / Electricity Data Explorer (via Our World in Data); Our World in Data (procesamiento reproducible de series energeticas),OK,Consumo de energia primaria en 2024 por ausencia de 2025 en serie OWID/EI/EIA.
BHS,044,Bahamas,NAC,13.901744,2024.0,34492.219134577215,,,,,,,2.25,0.02,0.8888888888888888,2024.0,"U.S. Energy Information Administration (2026); Energy Institute Statistical Review of World Energy (2025), con procesamiento de Our World in Data; Our World in Data (procesamiento reproducible de series energeticas)",International Energy Agency (via World Development Indicators - Banco Mundial EG.IMP.CONS.ZS),Ember - Global Electricity Review 2026 / Electricity Data Explorer (via Our World in Data); Our World in Data (procesamiento reproducible de series energeticas),REVISAR,Consumo de energia primaria en 2024 por ausencia de 2025 en serie OWID/EI/EIA. Sin componentes fosiles completos y comparables; ENE_FOS se mantiene ausente. Sin dependencia energetica WDI en 2023/2022. Electricidad baja en carbono en 2024 por ausencia de 2025.
BHR,048,Bahrain,MDE,244.3345,2024.0,148681.82930109327,-45.4751316679306,2022.0,145.4751316679306,,,,37.95,0.1,0.2635046113306983,2024.0,"U.S. Energy Information Administration (2026); Energy Institute Statistical Review of World Energy (2025), con procesamiento de Our World in Data; Our World in Data (procesamiento reproducible de series energeticas)",International Energy Agency (via World Development Indicators - Banco Mundial EG.IMP.CONS.ZS),Ember - Global Electricity Review 2026 / Electricity Data Explorer (via Our World in Data); Our World in Data (procesamiento reproducible de series energeticas),REVISAR,Consumo de energia primaria en 2024 por ausencia de 2025 en serie OWID/EI/EIA. Sin componentes fosiles completos y comparables; ENE_FOS se mantiene ausente. Dependencia energetica tomada en 2022 por ausencia de 2023. Electricidad baja en carbono en 2024 por ausencia de 2025.
BGD,050,Bangladesh,SAI,529.073,2024.0,3011.453830389088,44.3070258449266,2022.0,55.6929741550734,522.9290000000001,98.83872357878782,2024.0,103.4,2.21,2.1373307543520306,2025.0,"U.S. Energy Information Administration (2026); Energy Institute Statistical Review of World Energy (2025), con procesamiento de Our World in Data; Our World in Data (procesamiento reproducible de series energeticas)",International Energy Agency (via World Development Indicators - Banco Mundial EG.IMP.CONS.ZS),Ember - Global Electricity Review 2026 / Electricity Data Explorer (via Our World in Data); Our World in Data (procesamiento reproducible de series energeticas),OK,Consumo de energia primaria en 2024 por ausencia de 2025 en serie OWID/EI/EIA. Dependencia energetica tomada en 2022 por ausencia de 2023.
ARM,051,Armenia,RUE,49.780125,2024.0,16861.158295665664,76.8721086405015,2022.0,23.127891359498506,,,,9.72,6.41,65.94650205761316,2025.0,"U.S. Energy Information Administration (2026); Energy Institute Statistical Review of World Energy (2025), con procesamiento de Our World in Data; Our World in Data (procesamiento reproducible de series energeticas)",International Energy Agency (via World Development Indicators - Banco Mundial EG.IMP.CONS.ZS),Ember - Global Electricity Review 2026 / Electricity Data Explorer (via Our World in Data); Our World in Data (procesamiento reproducible de series energeticas),REVISAR,Consumo de energia primaria en 2024 por ausencia de 2025 en serie OWID/EI/EIA. Sin componentes fosiles completos y comparables; ENE_FOS se mantiene ausente. Dependencia energetica tomada en 2022 por ausencia de 2023.
BRB,052,Barbados,NAC,6.76963,2024.0,23952.43924876516,,,,,,,1.11,0.1,9.00900900900901,2024.0,"U.S. Energy Information Administration (2026); Energy Institute Statistical Review of World Energy (2025), con procesamiento de Our World in Data; Our World in Data (procesamiento reproducible de series energeticas)",International Energy Agency (via World Development Indicators - Banco Mundial EG.IMP.CONS.ZS),Ember - Global Electricity Review 2026 / Electricity Data Explorer (via Our World in Data); Our World in Data (procesamiento reproducible de series energeticas),REVISAR,Consumo de energia primaria en 2024 por ausencia de 2025 en serie OWID/EI/EIA. Sin componentes fosiles completos y comparables; ENE_FOS se mantiene ausente. Sin dependencia energetica WDI en 2023/2022. Electricidad baja en carbono en 2024 por ausencia de 2025.
BEL,056,Belgium,EUR,644.116,2024.0,54778.285273902904,89.1747801928026,2023.0,10.8252198071974,489.871,76.053226437474,2024.0,72.89,52.49,72.01262175881466,2025.0,"U.S. Energy Information Administration (2026); Energy Institute Statistical Review of World Energy (2025), con procesamiento de Our World in Data; Our World in Data (procesamiento reproducible de series energeticas)",International Energy Agency (via World Development Indicators - Banco Mundial EG.IMP.CONS.ZS),Ember - Global Electricity Review 2026 / Electricity Data Explorer (via Our World in Data); Our World in Data (procesamiento reproducible de series energeticas),OK,Consumo de energia primaria en 2024 por ausencia de 2025 en serie OWID/EI/EIA.
BMU,060,Bermuda,NAC,2.4105418,2024.0,37329.91296806764,,,,,,,0.61,0.01,1.639344262295082,2024.0,"U.S. Energy Information Administration (2026); Energy Institute Statistical Review of World Energy (2025), con procesamiento de Our World in Data; Our World in Data (procesamiento reproducible de series energeticas)",International Energy Agency (via World Development Indicators - Banco Mundial EG.IMP.CONS.ZS),Ember - Global Electricity Review 2026 / Electricity Data Explorer (via Our World in Data); Our World in Data (procesamiento reproducible de series energeticas),REVISAR,Consumo de energia primaria en 2024 por ausencia de 2025 en serie OWID/EI/EIA. Sin componentes fosiles completos y comparables; ENE_FOS se mantiene ausente. Sin dependencia energetica WDI en 2023/2022. Electricidad baja en carbono en 2024 por ausencia de 2025. Entidad SEGUN_FUENTE; evitar duplicidad con Estado soberano.
BTN,064,Bhutan,SAI,17.795631,2024.0,22336.98595060306,,,,,,,11.0,11.0,100.0,2024.0,"U.S. Energy Information Administration (2026); Energy Institute Statistical Review of World Energy (2025), con procesamiento de Our World in Data; Our World in Data (procesamiento reproducible de series energeticas)",International Energy Agency (via World Development Indicators - Banco Mundial EG.IMP.CONS.ZS),Ember - Global Electricity Review 2026 / Electricity Data Explorer (via Our World in Data); Our World in Data (procesamiento reproducible de series energeticas),REVISAR,Consumo de energia primaria en 2024 por ausencia de 2025 en serie OWID/EI/EIA. Sin componentes fosiles completos y comparables; ENE_FOS se mantiene ausente. Sin dependencia energetica WDI en 2023/2022. Electricidad baja en carbono en 2024 por ausencia de 2025.
BOL,068,Bolivia,SAM,116.44231,2024.0,9254.786677981381,-67.3339047798362,2022.0,167.3339047798362,,,,13.63,4.92,36.09684519442406,2025.0,"U.S. Energy Information Administration (2026); Energy Institute Statistical Review of World Energy (2025), con procesamiento de Our World in Data; Our World in Data (procesamiento reproducible de series energeticas)",International Energy Agency (via World Development Indicators - Banco Mundial EG.IMP.CONS.ZS),Ember - Global Electricity Review 2026 / Electricity Data Explorer (via Our World in Data); Our World in Data (procesamiento reproducible de series energeticas),REVISAR,Consumo de energia primaria en 2024 por ausencia de 2025 en serie OWID/EI/EIA. Sin componentes fosiles completos y comparables; ENE_FOS se mantiene ausente. Dependencia energetica tomada en 2022 por ausencia de 2023.
BIH,070,Bosnia and Herzegovina,EUR,87.512596,2024.0,27869.38369439425,24.9320415177106,2023.0,75.0679584822894,,,,14.44,6.29,43.5595567867036,2025.0,"U.S. Energy Information Administration (2026); Energy Institute Statistical Review of World Energy (2025), con procesamiento de Our World in Data; Our World in Data (procesamiento reproducible de series energeticas)",International Energy Agency (via World Development Indicators - Banco Mundial EG.IMP.CONS.ZS),Ember - Global Electricity Review 2026 / Electricity Data Explorer (via Our World in Data); Our World in Data (procesamiento reproducible de series energeticas),REVISAR,Consumo de energia primaria en 2024 por ausencia de 2025 en serie OWID/EI/EIA. Sin componentes fosiles completos y comparables; ENE_FOS se mantiene ausente.
BWA,072,Botswana,AFR,24.734337,2024.0,9653.836951749037,23.6817784648472,2022.0,76.3182215351528,,,,3.43,0.01,0.2915451895043732,2024.0,"U.S. Energy Information Administration (2026); Energy Institute Statistical Review of World Energy (2025), con procesamiento de Our World in Data; Our World in Data (procesamiento reproducible de series energeticas)",International Energy Agency (via World Development Indicators - Banco Mundial EG.IMP.CONS.ZS),Ember - Global Electricity Review 2026 / Electricity Data Explorer (via Our World in Data); Our World in Data (procesamiento reproducible de series energeticas),REVISAR,Consumo de energia primaria en 2024 por ausencia de 2025 en serie OWID/EI/EIA. Sin componentes fosiles completos y comparables; ENE_FOS se mantiene ausente. Dependencia energetica tomada en 2022 por ausencia de 2023. Electricidad baja en carbono en 2024 por ausencia de 2025.
BRA,076,Brazil,SAM,3919.054,2024.0,18415.534316828358,-13.6808969364254,2023.0,113.6808969364254,1889.179,48.20497497610393,2024.0,750.53,665.84,88.71597404500821,2025.0,"U.S. Energy Information Administration (2026); Energy Institute Statistical Review of World Energy (2025), con procesamiento de Our World in Data; Our World in Data (procesamiento reproducible de series energeticas)",International Energy Agency (via World Development Indicators - Banco Mundial EG.IMP.CONS.ZS),Ember - Global Electricity Review 2026 / Electricity Data Explorer (via Our World in Data); Our World in Data (procesamiento reproducible de series energeticas),OK,Consumo de energia primaria en 2024 por ausencia de 2025 en serie OWID/EI/EIA.
BLZ,084,Belize,NAC,4.2175317,2024.0,9972.245091942583,,,,,,,0.47,0.41,87.2340425531915,2024.0,"U.S. Energy Information Administration (2026); Energy Institute Statistical Review of World Energy (2025), con procesamiento de Our World in Data; Our World in Data (procesamiento reproducible de series energeticas)",International Energy Agency (via World Development Indicators - Banco Mundial EG.IMP.CONS.ZS),Ember - Global Electricity Review 2026 / Electricity Data Explorer (via Our World in Data); Our World in Data (procesamiento reproducible de series energeticas),REVISAR,Consumo de energia primaria en 2024 por ausencia de 2025 en serie OWID/EI/EIA. Sin componentes fosiles completos y comparables; ENE_FOS se mantiene ausente. Sin dependencia energetica WDI en 2023/2022. Electricidad baja en carbono en 2024 por ausencia de 2025.
IOT,086,British Indian Ocean Territory,AFR,,,,,,,,,,,,,,"U.S. Energy Information Administration (2026); Energy Institute Statistical Review of World Energy (2025), con procesamiento de Our World in Data; Our World in Data (procesamiento reproducible de series energeticas)",International Energy Agency (via World Development Indicators - Banco Mundial EG.IMP.CONS.ZS),Ember - Global Electricity Review 2026 / Electricity Data Explorer (via Our World in Data); Our World in Data (procesamiento reproducible de series energeticas),REVISAR,Sin consumo de energia primaria 2025/2024 comparable en las series OWID/EI/EIA revisadas. Sin dependencia energetica WDI en 2023/2022. Sin dato de electricidad baja en carbono 2025/2024 comparable. Entidad SEGUN_FUENTE; evitar duplicidad con Estado soberano.
SLB,090,Solomon Islands,APC,1.3446352,2024.0,1603.3234166612015,,,,,,,0.11,0.01,9.090909090909092,2024.0,"U.S. Energy Information Administration (2026); Energy Institute Statistical Review of World Energy (2025), con procesamiento de Our World in Data; Our World in Data (procesamiento reproducible de series energeticas)",International Energy Agency (via World Development Indicators - Banco Mundial EG.IMP.CONS.ZS),Ember - Global Electricity Review 2026 / Electricity Data Explorer (via Our World in Data); Our World in Data (procesamiento reproducible de series energeticas),REVISAR,Consumo de energia primaria en 2024 por ausencia de 2025 en serie OWID/EI/EIA. Sin componentes fosiles completos y comparables; ENE_FOS se mantiene ausente. Sin dependencia energetica WDI en 2023/2022. Electricidad baja en carbono en 2024 por ausencia de 2025.
VGB,092,"Virgin Islands, British",NAC,0.7881732,2024.0,19828.256603773585,,,,,,,,,,,"U.S. Energy Information Administration (2026); Energy Institute Statistical Review of World Energy (2025), con procesamiento de Our World in Data; Our World in Data (procesamiento reproducible de series energeticas)",International Energy Agency (via World Development Indicators - Banco Mundial EG.IMP.CONS.ZS),Ember - Global Electricity Review 2026 / Electricity Data Explorer (via Our World in Data); Our World in Data (procesamiento reproducible de series energeticas),REVISAR,Consumo de energia primaria en 2024 por ausencia de 2025 en serie OWID/EI/EIA. Sin componentes fosiles completos y comparables; ENE_FOS se mantiene ausente. Sin dependencia energetica WDI en 2023/2022. Sin dato de electricidad baja en carbono 2025/2024 comparable. Entidad SEGUN_FUENTE; evitar duplicidad con Estado soberano.
BRN,096,Brunéi,APC,56.44421,2024.0,121037.12328825874,-172.552632157863,2022.0,272.552632157863,,,,5.56,0.01,0.1798561151079137,2024.0,"U.S. Energy Information Administration (2026); Energy Institute Statistical Review of World Energy (2025), con procesamiento de Our World in Data; Our World in Data (procesamiento reproducible de series energeticas)",International Energy Agency (via World Development Indicators - Banco Mundial EG.IMP.CONS.ZS),Ember - Global Electricity Review 2026 / Electricity Data Explorer (via Our World in Data); Our World in Data (procesamiento reproducible de series energeticas),REVISAR,Consumo de energia primaria en 2024 por ausencia de 2025 en serie OWID/EI/EIA. Sin componentes fosiles completos y comparables; ENE_FOS se mantiene ausente. Dependencia energetica tomada en 2022 por ausencia de 2023. Electricidad baja en carbono en 2024 por ausencia de 2025.
BGR,100,Bulgaria,EUR,191.794,2024.0,28563.913980313813,40.9310458153299,2023.0,59.0689541846701,119.965,62.548880569777985,2024.0,37.96,27.3,71.91780821917808,2025.0,"U.S. Energy Information Administration (2026); Energy Institute Statistical Review of World Energy (2025), con procesamiento de Our World in Data; Our World in Data (procesamiento reproducible de series energeticas)",International Energy Agency (via World Development Indicators - Banco Mundial EG.IMP.CONS.ZS),Ember - Global Electricity Review 2026 / Electricity Data Explorer (via Our World in Data); Our World in Data (procesamiento reproducible de series energeticas),OK,Consumo de energia primaria en 2024 por ausencia de 2025 en serie OWID/EI/EIA.
MMR,104,Myanmar,APC,140.26463,2024.0,2557.2100807268494,-19.025954239222,2022.0,119.025954239222,,,,21.71,10.39,47.85812989405804,2024.0,"U.S. Energy Information Administration (2026); Energy Institute Statistical Review of World Energy (2025), con procesamiento de Our World in Data; Our World in Data (procesamiento reproducible de series energeticas)",International Energy Agency (via World Development Indicators - Banco Mundial EG.IMP.CONS.ZS),Ember - Global Electricity Review 2026 / Electricity Data Explorer (via Our World in Data); Our World in Data (procesamiento reproducible de series energeticas),REVISAR,Consumo de energia primaria en 2024 por ausencia de 2025 en serie OWID/EI/EIA. Sin componentes fosiles completos y comparables; ENE_FOS se mantiene ausente. Dependencia energetica tomada en 2022 por ausencia de 2023. Electricidad baja en carbono en 2024 por ausencia de 2025.
BDI,108,Burundi,AFR,3.9100757,2024.0,271.7214471284429,,,,,,,0.49,0.37,75.51020408163265,2024.0,"U.S. Energy Information Administration (2026); Energy Institute Statistical Review of World Energy (2025), con procesamiento de Our World in Data; Our World in Data (procesamiento reproducible de series energeticas)",International Energy Agency (via World Development Indicators - Banco Mundial EG.IMP.CONS.ZS),Ember - Global Electricity Review 2026 / Electricity Data Explorer (via Our World in Data); Our World in Data (procesamiento reproducible de series energeticas),REVISAR,Consumo de energia primaria en 2024 por ausencia de 2025 en serie OWID/EI/EIA. Sin componentes fosiles completos y comparables; ENE_FOS se mantiene ausente. Sin dependencia energetica WDI en 2023/2022. Electricidad baja en carbono en 2024 por ausencia de 2025.
BLR,112,Belarus,RUE,313.657,2024.0,34860.06992308283,77.0799482437318,2022.0,22.920051756268194,271.51,86.56271022167527,2024.0,46.37,19.21,41.4276471856804,2025.0,"U.S. Energy Information Administration (2026); Energy Institute Statistical Review of World Energy (2025), con procesamiento de Our World in Data; Our World in Data (procesamiento reproducible de series energeticas)",International Energy Agency (via World Development Indicators - Banco Mundial EG.IMP.CONS.ZS),Ember - Global Electricity Review 2026 / Electricity Data Explorer (via Our World in Data); Our World in Data (procesamiento reproducible de series energeticas),OK,Consumo de energia primaria en 2024 por ausencia de 2025 en serie OWID/EI/EIA. Dependencia energetica tomada en 2022 por ausencia de 2023.
KHM,116,Cambodia,APC,87.62909,2024.0,4909.7480549760785,,,,,,,17.76,7.26,40.87837837837837,2025.0,"U.S. Energy Information Administration (2026); Energy Institute Statistical Review of World Energy (2025), con procesamiento de Our World in Data; Our World in Data (procesamiento reproducible de series energeticas)",International Energy Agency (via World Development Indicators - Banco Mundial EG.IMP.CONS.ZS),Ember - Global Electricity Review 2026 / Electricity Data Explorer (via Our World in Data); Our World in Data (procesamiento reproducible de series energeticas),REVISAR,Consumo de energia primaria en 2024 por ausencia de 2025 en serie OWID/EI/EIA. Sin componentes fosiles completos y comparables; ENE_FOS se mantiene ausente. Sin dependencia energetica WDI en 2023/2022.
CMR,120,Cameroon,AFR,35.028564,2024.0,1172.3338878190118,-28.7126841321204,2022.0,128.7126841321204,,,,7.26,5.31,73.14049586776859,2024.0,"U.S. Energy Information Administration (2026); Energy Institute Statistical Review of World Energy (2025), con procesamiento de Our World in Data; Our World in Data (procesamiento reproducible de series energeticas)",International Energy Agency (via World Development Indicators - Banco Mundial EG.IMP.CONS.ZS),Ember - Global Electricity Review 2026 / Electricity Data Explorer (via Our World in Data); Our World in Data (procesamiento reproducible de series energeticas),REVISAR,Consumo de energia primaria en 2024 por ausencia de 2025 en serie OWID/EI/EIA. Sin componentes fosiles completos y comparables; ENE_FOS se mantiene ausente. Dependencia energetica tomada en 2022 por ausencia de 2023. Electricidad baja en carbono en 2024 por ausencia de 2025.
CAN,124,Canada,NAC,3886.195,2024.0,96848.04103638852,-89.626081306096,2023.0,189.626081306096,2575.696,66.27809464012999,2024.0,652.44,502.23,76.9771933051315,2025.0,"U.S. Energy Information Administration (2026); Energy Institute Statistical Review of World Energy (2025), con procesamiento de Our World in Data; Our World in Data (procesamiento reproducible de series energeticas)",International Energy Agency (via World Development Indicators - Banco Mundial EG.IMP.CONS.ZS),Ember - Global Electricity Review 2026 / Electricity Data Explorer (via Our World in Data); Our World in Data (procesamiento reproducible de series energeticas),OK,Consumo de energia primaria en 2024 por ausencia de 2025 en serie OWID/EI/EIA.
CPV,132,Cabo Verde,AFR,3.1133187,2024.0,5903.895071994357,,,,,,,0.52,0.16,30.76923076923077,2024.0,"U.S. Energy Information Administration (2026); Energy Institute Statistical Review of World Energy (2025), con procesamiento de Our World in Data; Our World in Data (procesamiento reproducible de series energeticas)",International Energy Agency (via World Development Indicators - Banco Mundial EG.IMP.CONS.ZS),Ember - Global Electricity Review 2026 / Electricity Data Explorer (via Our World in Data); Our World in Data (procesamiento reproducible de series energeticas),REVISAR,Consumo de energia primaria en 2024 por ausencia de 2025 en serie OWID/EI/EIA. Sin componentes fosiles completos y comparables; ENE_FOS se mantiene ausente. Sin dependencia energetica WDI en 2023/2022. Electricidad baja en carbono en 2024 por ausencia de 2025.
CYM,136,Cayman Islands,NAC,3.5545845,2024.0,46856.54684225096,,,,,,,0.71,0.03,4.225352112676056,2024.0,"U.S. Energy Information Administration (2026); Energy Institute Statistical Review of World Energy (2025), con procesamiento de Our World in Data; Our World in Data (procesamiento reproducible de series energeticas)",International Energy Agency (via World Development Indicators - Banco Mundial EG.IMP.CONS.ZS),Ember - Global Electricity Review 2026 / Electricity Data Explorer (via Our World in Data); Our World in Data (procesamiento reproducible de series energeticas),REVISAR,Consumo de energia primaria en 2024 por ausencia de 2025 en serie OWID/EI/EIA. Sin componentes fosiles completos y comparables; ENE_FOS se mantiene ausente. Sin dependencia energetica WDI en 2023/2022. Electricidad baja en carbono en 2024 por ausencia de 2025.
CAF,140,Central African Republic,AFR,1.9011937,2024.0,344.83857721148513,,,,,,,,,,,"U.S. Energy Information Administration (2026); Energy Institute Statistical Review of World Energy (2025), con procesamiento de Our World in Data; Our World in Data (procesamiento reproducible de series energeticas)",International Energy Agency (via World Development Indicators - Banco Mundial EG.IMP.CONS.ZS),Ember - Global Electricity Review 2026 / Electricity Data Explorer (via Our World in Data); Our World in Data (procesamiento reproducible de series energeticas),REVISAR,Consumo de energia primaria en 2024 por ausencia de 2025 en serie OWID/EI/EIA. Sin componentes fosiles completos y comparables; ENE_FOS se mantiene ausente. Sin dependencia energetica WDI en 2023/2022. Sin dato de electricidad baja en carbono 2025/2024 comparable.
LKA,144,Sri Lanka,SAI,111.341,2024.0,4793.091741982621,60.0395802943756,2022.0,39.9604197056244,84.26599999999999,75.6828122614311,2024.0,17.25,10.63,61.6231884057971,2025.0,"U.S. Energy Information Administration (2026); Energy Institute Statistical Review of World Energy (2025), con procesamiento de Our World in Data; Our World in Data (procesamiento reproducible de series energeticas)",International Energy Agency (via World Development Indicators - Banco Mundial EG.IMP.CONS.ZS),Ember - Global Electricity Review 2026 / Electricity Data Explorer (via Our World in Data); Our World in Data (procesamiento reproducible de series energeticas),OK,Consumo de energia primaria en 2024 por ausencia de 2025 en serie OWID/EI/EIA. Dependencia energetica tomada en 2022 por ausencia de 2023.
TCD,148,Chad,AFR,7.7652364,2024.0,369.7080052701188,-177.762640714933,2022.0,277.762640714933,,,,0.37,0.02,5.405405405405405,2024.0,"U.S. Energy Information Administration (2026); Energy Institute Statistical Review of World Energy (2025), con procesamiento de Our World in Data; Our World in Data (procesamiento reproducible de series energeticas)",International Energy Agency (via World Development Indicators - Banco Mundial EG.IMP.CONS.ZS),Ember - Global Electricity Review 2026 / Electricity Data Explorer (via Our World in Data); Our World in Data (procesamiento reproducible de series energeticas),REVISAR,Consumo de energia primaria en 2024 por ausencia de 2025 en serie OWID/EI/EIA. Sin componentes fosiles completos y comparables; ENE_FOS se mantiene ausente. Dependencia energetica tomada en 2022 por ausencia de 2023. Electricidad baja en carbono en 2024 por ausencia de 2025.
CHL,152,Chile,SAM,518.732,2024.0,26119.54258222302,62.2762043204213,2023.0,37.7237956795787,345.39000000000004,66.583515187033,2024.0,88.5,58.74,66.37288135593221,2025.0,"U.S. Energy Information Administration (2026); Energy Institute Statistical Review of World Energy (2025), con procesamiento de Our World in Data; Our World in Data (procesamiento reproducible de series energeticas)",International Energy Agency (via World Development Indicators - Banco Mundial EG.IMP.CONS.ZS),Ember - Global Electricity Review 2026 / Electricity Data Explorer (via Our World in Data); Our World in Data (procesamiento reproducible de series energeticas),OK,Consumo de energia primaria en 2024 por ausencia de 2025 en serie OWID/EI/EIA.
CHN,156,China,CHN,48987.102,2024.0,34593.06345250965,23.9617588276826,2023.0,76.0382411723174,38907.274000000005,79.42350621190045,2024.0,10583.36,4408.08,41.65104465878511,2025.0,"U.S. Energy Information Administration (2026); Energy Institute Statistical Review of World Energy (2025), con procesamiento de Our World in Data; Our World in Data (procesamiento reproducible de series energeticas)",International Energy Agency (via World Development Indicators - Banco Mundial EG.IMP.CONS.ZS),Ember - Global Electricity Review 2026 / Electricity Data Explorer (via Our World in Data); Our World in Data (procesamiento reproducible de series energeticas),OK,Consumo de energia primaria en 2024 por ausencia de 2025 en serie OWID/EI/EIA. CHN tratado separado de HKG/MAC.
TWN,158,"Taiwan, Province of China",APC,1253.847,2024.0,54249.03788148185,,,,1140.805,90.98438645225455,2024.0,288.39,38.55,13.367315094143347,2025.0,"U.S. Energy Information Administration (2026); Energy Institute Statistical Review of World Energy (2025), con procesamiento de Our World in Data; Our World in Data (procesamiento reproducible de series energeticas)",International Energy Agency (via World Development Indicators - Banco Mundial EG.IMP.CONS.ZS),Ember - Global Electricity Review 2026 / Electricity Data Explorer (via Our World in Data); Our World in Data (procesamiento reproducible de series energeticas),REVISAR,Consumo de energia primaria en 2024 por ausencia de 2025 en serie OWID/EI/EIA. Sin dependencia energetica WDI en 2023/2022. Entidad SEGUN_FUENTE; evitar duplicidad con Estado soberano.
CXR,162,Christmas Island,APC,,,,,,,,,,,,,,"U.S. Energy Information Administration (2026); Energy Institute Statistical Review of World Energy (2025), con procesamiento de Our World in Data; Our World in Data (procesamiento reproducible de series energeticas)",International Energy Agency (via World Development Indicators - Banco Mundial EG.IMP.CONS.ZS),Ember - Global Electricity Review 2026 / Electricity Data Explorer (via Our World in Data); Our World in Data (procesamiento reproducible de series energeticas),REVISAR,Sin consumo de energia primaria 2025/2024 comparable en las series OWID/EI/EIA revisadas. Sin dependencia energetica WDI en 2023/2022. Sin dato de electricidad baja en carbono 2025/2024 comparable. Entidad SEGUN_FUENTE; evitar duplicidad con Estado soberano.
CCK,166,Cocos (Keeling) Islands,APC,,,,,,,,,,,,,,"U.S. Energy Information Administration (2026); Energy Institute Statistical Review of World Energy (2025), con procesamiento de Our World in Data; Our World in Data (procesamiento reproducible de series energeticas)",International Energy Agency (via World Development Indicators - Banco Mundial EG.IMP.CONS.ZS),Ember - Global Electricity Review 2026 / Electricity Data Explorer (via Our World in Data); Our World in Data (procesamiento reproducible de series energeticas),REVISAR,Sin consumo de energia primaria 2025/2024 comparable en las series OWID/EI/EIA revisadas. Sin dependencia energetica WDI en 2023/2022. Sin dato de electricidad baja en carbono 2025/2024 comparable. Entidad SEGUN_FUENTE; evitar duplicidad con Estado soberano.
COL,170,Colombia,SAM,615.888,2024.0,11527.950377523866,-141.971675507707,2023.0,241.971675507707,448.70000000000005,72.85415530096382,2024.0,90.36,69.6,77.02523240371846,2025.0,"U.S. Energy Information Administration (2026); Energy Institute Statistical Review of World Energy (2025), con procesamiento de Our World in Data; Our World in Data (procesamiento reproducible de series energeticas)",International Energy Agency (via World Development Indicators - Banco Mundial EG.IMP.CONS.ZS),Ember - Global Electricity Review 2026 / Electricity Data Explorer (via Our World in Data); Our World in Data (procesamiento reproducible de series energeticas),OK,Consumo de energia primaria en 2024 por ausencia de 2025 en serie OWID/EI/EIA.
COM,174,Comoros,AFR,1.5783402,2024.0,1787.7764198035682,,,,,,,,,,,"U.S. Energy Information Administration (2026); Energy Institute Statistical Review of World Energy (2025), con procesamiento de Our World in Data; Our World in Data (procesamiento reproducible de series energeticas)",International Energy Agency (via World Development Indicators - Banco Mundial EG.IMP.CONS.ZS),Ember - Global Electricity Review 2026 / Electricity Data Explorer (via Our World in Data); Our World in Data (procesamiento reproducible de series energeticas),REVISAR,Consumo de energia primaria en 2024 por ausencia de 2025 en serie OWID/EI/EIA. Sin componentes fosiles completos y comparables; ENE_FOS se mantiene ausente. Sin dependencia energetica WDI en 2023/2022. Sin dato de electricidad baja en carbono 2025/2024 comparable.
MYT,175,Mayotte,AFR,,,,,,,,,,,,,,"U.S. Energy Information Administration (2026); Energy Institute Statistical Review of World Energy (2025), con procesamiento de Our World in Data; Our World in Data (procesamiento reproducible de series energeticas)",International Energy Agency (via World Development Indicators - Banco Mundial EG.IMP.CONS.ZS),Ember - Global Electricity Review 2026 / Electricity Data Explorer (via Our World in Data); Our World in Data (procesamiento reproducible de series energeticas),REVISAR,Sin consumo de energia primaria 2025/2024 comparable en las series OWID/EI/EIA revisadas. Sin dependencia energetica WDI en 2023/2022. Sin dato de electricidad baja en carbono 2025/2024 comparable. Entidad SEGUN_FUENTE; evitar duplicidad con Estado soberano.
COG,178,Congo,AFR,24.432226,2024.0,3767.8253331785013,-347.419865428152,2022.0,447.419865428152,,,,5.46,1.14,20.879120879120876,2024.0,"U.S. Energy Information Administration (2026); Energy Institute Statistical Review of World Energy (2025), con procesamiento de Our World in Data; Our World in Data (procesamiento reproducible de series energeticas)",International Energy Agency (via World Development Indicators - Banco Mundial EG.IMP.CONS.ZS),Ember - Global Electricity Review 2026 / Electricity Data Explorer (via Our World in Data); Our World in Data (procesamiento reproducible de series energeticas),REVISAR,Consumo de energia primaria en 2024 por ausencia de 2025 en serie OWID/EI/EIA. Sin componentes fosiles completos y comparables; ENE_FOS se mantiene ausente. Dependencia energetica tomada en 2022 por ausencia de 2023. Electricidad baja en carbono en 2024 por ausencia de 2025.
COD,180,"Congo, The Democratic Republic of the",AFR,34.144688,2024.0,302.61401249950427,1.59626553466334,2022.0,98.40373446533665,,,,15.92,15.92,100.0,2024.0,"U.S. Energy Information Administration (2026); Energy Institute Statistical Review of World Energy (2025), con procesamiento de Our World in Data; Our World in Data (procesamiento reproducible de series energeticas)",International Energy Agency (via World Development Indicators - Banco Mundial EG.IMP.CONS.ZS),Ember - Global Electricity Review 2026 / Electricity Data Explorer (via Our World in Data); Our World in Data (procesamiento reproducible de series energeticas),REVISAR,Consumo de energia primaria en 2024 por ausencia de 2025 en serie OWID/EI/EIA. Sin componentes fosiles completos y comparables; ENE_FOS se mantiene ausente. Dependencia energetica tomada en 2022 por ausencia de 2023. Electricidad baja en carbono en 2024 por ausencia de 2025.
COK,184,Cook Islands,APC,0.50405,2024.0,37955.572289156626,,,,,,,0.04,0.02,50.0,2024.0,"U.S. Energy Information Administration (2026); Energy Institute Statistical Review of World Energy (2025), con procesamiento de Our World in Data; Our World in Data (procesamiento reproducible de series energeticas)",International Energy Agency (via World Development Indicators - Banco Mundial EG.IMP.CONS.ZS),Ember - Global Electricity Review 2026 / Electricity Data Explorer (via Our World in Data); Our World in Data (procesamiento reproducible de series energeticas),REVISAR,Consumo de energia primaria en 2024 por ausencia de 2025 en serie OWID/EI/EIA. Sin componentes fosiles completos y comparables; ENE_FOS se mantiene ausente. Sin dependencia energetica WDI en 2023/2022. Electricidad baja en carbono en 2024 por ausencia de 2025. Entidad SEGUN_FUENTE; evitar duplicidad con Estado soberano.
CRI,188,Costa Rica,NAC,49.38663,2024.0,9584.14880488823,60.4214772696159,2023.0,39.5785227303841,,,,12.81,12.81,100.0,2025.0,"U.S. Energy Information Administration (2026); Energy Institute Statistical Review of World Energy (2025), con procesamiento de Our World in Data; Our World in Data (procesamiento reproducible de series energeticas)",International Energy Agency (via World Development Indicators - Banco Mundial EG.IMP.CONS.ZS),Ember - Global Electricity Review 2026 / Electricity Data Explorer (via Our World in Data); Our World in Data (procesamiento reproducible de series energeticas),REVISAR,Consumo de energia primaria en 2024 por ausencia de 2025 en serie OWID/EI/EIA. Sin componentes fosiles completos y comparables; ENE_FOS se mantiene ausente.
HRV,191,Croatia,EUR,103.144,2024.0,26803.431454584577,57.2910760073134,2023.0,42.7089239926866,73.336,71.10059722329946,2024.0,14.7,11.21,76.25850340136056,2025.0,"U.S. Energy Information Administration (2026); Energy Institute Statistical Review of World Energy (2025), con procesamiento de Our World in Data; Our World in Data (procesamiento reproducible de series energeticas)",International Energy Agency (via World Development Indicators - Banco Mundial EG.IMP.CONS.ZS),Ember - Global Electricity Review 2026 / Electricity Data Explorer (via Our World in Data); Our World in Data (procesamiento reproducible de series energeticas),OK,Consumo de energia primaria en 2024 por ausencia de 2025 en serie OWID/EI/EIA.
CUB,192,Cuba,NAC,84.25683,2024.0,7703.690788220718,62.8133332274217,2022.0,37.1866667725783,,,,19.43,0.78,4.014410705095214,2024.0,"U.S. Energy Information Administration (2026); Energy Institute Statistical Review of World Energy (2025), con procesamiento de Our World in Data; Our World in Data (procesamiento reproducible de series energeticas)",International Energy Agency (via World Development Indicators - Banco Mundial EG.IMP.CONS.ZS),Ember - Global Electricity Review 2026 / Electricity Data Explorer (via Our World in Data); Our World in Data (procesamiento reproducible de series energeticas),REVISAR,Consumo de energia primaria en 2024 por ausencia de 2025 en serie OWID/EI/EIA. Sin componentes fosiles completos y comparables; ENE_FOS se mantiene ausente. Dependencia energetica tomada en 2022 por ausencia de 2023. Electricidad baja en carbono en 2024 por ausencia de 2025.
CYP,196,Cyprus,EUR,33.348,2024.0,24328.216441462144,117.037858353679,2022.0,-17.037858353679,29.573999999999998,88.68297948902483,2024.0,5.91,1.64,27.749576988155667,2025.0,"U.S. Energy Information Administration (2026); Energy Institute Statistical Review of World Energy (2025), con procesamiento de Our World in Data; Our World in Data (procesamiento reproducible de series energeticas)",International Energy Agency (via World Development Indicators - Banco Mundial EG.IMP.CONS.ZS),Ember - Global Electricity Review 2026 / Electricity Data Explorer (via Our World in Data); Our World in Data (procesamiento reproducible de series energeticas),OK,Consumo de energia primaria en 2024 por ausencia de 2025 en serie OWID/EI/EIA. Dependencia energetica tomada en 2022 por ausencia de 2023.
CZE,203,Chequia,EUR,392.823,2024.0,37026.49416673634,41.9751454505475,2023.0,58.0248545494525,279.642,71.18778686584034,2024.0,75.5,44.66,59.152317880794705,2025.0,"U.S. Energy Information Administration (2026); Energy Institute Statistical Review of World Energy (2025), con procesamiento de Our World in Data; Our World in Data (procesamiento reproducible de series energeticas)",International Energy Agency (via World Development Indicators - Banco Mundial EG.IMP.CONS.ZS),Ember - Global Electricity Review 2026 / Electricity Data Explorer (via Our World in Data); Our World in Data (procesamiento reproducible de series energeticas),OK,Consumo de energia primaria en 2024 por ausencia de 2025 en serie OWID/EI/EIA.
BEN,204,Benin,AFR,31.410461,2024.0,2120.2568976526986,40.9031703802238,2022.0,59.0968296197762,,,,1.01,0.04,3.9603960396039604,2024.0,"U.S. Energy Information Administration (2026); Energy Institute Statistical Review of World Energy (2025), con procesamiento de Our World in Data; Our World in Data (procesamiento reproducible de series energeticas)",International Energy Agency (via World Development Indicators - Banco Mundial EG.IMP.CONS.ZS),Ember - Global Electricity Review 2026 / Electricity Data Explorer (via Our World in Data); Our World in Data (procesamiento reproducible de series energeticas),REVISAR,Consumo de energia primaria en 2024 por ausencia de 2025 en serie OWID/EI/EIA. Sin componentes fosiles completos y comparables; ENE_FOS se mantiene ausente. Dependencia energetica tomada en 2022 por ausencia de 2023. Electricidad baja en carbono en 2024 por ausencia de 2025.
DNK,208,Denmark,EUR,196.253,2024.0,32695.128625251247,43.7871947382637,2023.0,56.2128052617363,112.017,57.07785358695154,2024.0,33.3,30.36,91.17117117117117,2025.0,"U.S. Energy Information Administration (2026); Energy Institute Statistical Review of World Energy (2025), con procesamiento de Our World in Data; Our World in Data (procesamiento reproducible de series energeticas)",International Energy Agency (via World Development Indicators - Banco Mundial EG.IMP.CONS.ZS),Ember - Global Electricity Review 2026 / Electricity Data Explorer (via Our World in Data); Our World in Data (procesamiento reproducible de series energeticas),OK,Consumo de energia primaria en 2024 por ausencia de 2025 en serie OWID/EI/EIA.
DMA,212,Dominica,NAC,0.77437085,2024.0,11752.122412432465,,,,,,,,,,,"U.S. Energy Information Administration (2026); Energy Institute Statistical Review of World Energy (2025), con procesamiento de Our World in Data; Our World in Data (procesamiento reproducible de series energeticas)",International Energy Agency (via World Development Indicators - Banco Mundial EG.IMP.CONS.ZS),Ember - Global Electricity Review 2026 / Electricity Data Explorer (via Our World in Data); Our World in Data (procesamiento reproducible de series energeticas),REVISAR,Consumo de energia primaria en 2024 por ausencia de 2025 en serie OWID/EI/EIA. Sin componentes fosiles completos y comparables; ENE_FOS se mantiene ausente. Sin dependencia energetica WDI en 2023/2022. Sin dato de electricidad baja en carbono 2025/2024 comparable.
DOM,214,Dominican Republic,NAC,140.02026,2024.0,12154.026875435691,94.4206892076641,2022.0,5.579310792335903,,,,22.68,5.4,23.80952380952381,2025.0,"U.S. Energy Information Administration (2026); Energy Institute Statistical Review of World Energy (2025), con procesamiento de Our World in Data; Our World in Data (procesamiento reproducible de series energeticas)",International Energy Agency (via World Development Indicators - Banco Mundial EG.IMP.CONS.ZS),Ember - Global Electricity Review 2026 / Electricity Data Explorer (via Our World in Data); Our World in Data (procesamiento reproducible de series energeticas),REVISAR,Consumo de energia primaria en 2024 por ausencia de 2025 en serie OWID/EI/EIA. Sin componentes fosiles completos y comparables; ENE_FOS se mantiene ausente. Dependencia energetica tomada en 2022 por ausencia de 2023.
ECU,218,Ecuador,SAM,230.721,2024.0,12614.668490770151,-69.401314941725,2022.0,169.401314941725,169.643,73.52733387944747,2024.0,36.6,29.06,79.39890710382514,2025.0,"U.S. Energy Information Administration (2026); Energy Institute Statistical Review of World Energy (2025), con procesamiento de Our World in Data; Our World in Data (procesamiento reproducible de series energeticas)",International Energy Agency (via World Development Indicators - Banco Mundial EG.IMP.CONS.ZS),Ember - Global Electricity Review 2026 / Electricity Data Explorer (via Our World in Data); Our World in Data (procesamiento reproducible de series energeticas),OK,Consumo de energia primaria en 2024 por ausencia de 2025 en serie OWID/EI/EIA. Dependencia energetica tomada en 2022 por ausencia de 2023.
SLV,222,El Salvador,NAC,46.812283,2024.0,7354.055278559159,59.5054447583379,2022.0,40.4945552416621,,,,6.46,5.59,86.53250773993808,2025.0,"U.S. Energy Information Administration (2026); Energy Institute Statistical Review of World Energy (2025), con procesamiento de Our World in Data; Our World in Data (procesamiento reproducible de series energeticas)",International Energy Agency (via World Development Indicators - Banco Mundial EG.IMP.CONS.ZS),Ember - Global Electricity Review 2026 / Electricity Data Explorer (via Our World in Data); Our World in Data (procesamiento reproducible de series energeticas),REVISAR,Consumo de energia primaria en 2024 por ausencia de 2025 en serie OWID/EI/EIA. Sin componentes fosiles completos y comparables; ENE_FOS se mantiene ausente. Dependencia energetica tomada en 2022 por ausencia de 2023.
GNQ,226,Equatorial Guinea,AFR,31.06807,2024.0,16027.39012275876,-422.769233942919,2022.0,522.7692339429191,,,,1.49,0.4,26.845637583892618,2024.0,"U.S. Energy Information Administration (2026); Energy Institute Statistical Review of World Energy (2025), con procesamiento de Our World in Data; Our World in Data (procesamiento reproducible de series energeticas)",International Energy Agency (via World Development Indicators - Banco Mundial EG.IMP.CONS.ZS),Ember - Global Electricity Review 2026 / Electricity Data Explorer (via Our World in Data); Our World in Data (procesamiento reproducible de series energeticas),REVISAR,Consumo de energia primaria en 2024 por ausencia de 2025 en serie OWID/EI/EIA. Sin componentes fosiles completos y comparables; ENE_FOS se mantiene ausente. Dependencia energetica tomada en 2022 por ausencia de 2023. Electricidad baja en carbono en 2024 por ausencia de 2025.
ETH,231,Ethiopia,AFR,90.55439,2024.0,668.4359713820817,10.7924961213427,2022.0,89.2075038786573,,,,33.37,33.37,100.0,2025.0,"U.S. Energy Information Administration (2026); Energy Institute Statistical Review of World Energy (2025), con procesamiento de Our World in Data; Our World in Data (procesamiento reproducible de series energeticas)",International Energy Agency (via World Development Indicators - Banco Mundial EG.IMP.CONS.ZS),Ember - Global Electricity Review 2026 / Electricity Data Explorer (via Our World in Data); Our World in Data (procesamiento reproducible de series energeticas),REVISAR,Consumo de energia primaria en 2024 por ausencia de 2025 en serie OWID/EI/EIA. Sin componentes fosiles completos y comparables; ENE_FOS se mantiene ausente. Dependencia energetica tomada en 2022 por ausencia de 2023.
ERI,232,Eritrea,AFR,3.1374002,2024.0,869.8080373096446,,,,,,,0.45,0.05,11.111111111111112,2024.0,"U.S. Energy Information Administration (2026); Energy Institute Statistical Review of World Energy (2025), con procesamiento de Our World in Data; Our World in Data (procesamiento reproducible de series energeticas)",International Energy Agency (via World Development Indicators - Banco Mundial EG.IMP.CONS.ZS),Ember - Global Electricity Review 2026 / Electricity Data Explorer (via Our World in Data); Our World in Data (procesamiento reproducible de series energeticas),REVISAR,Consumo de energia primaria en 2024 por ausencia de 2025 en serie OWID/EI/EIA. Sin componentes fosiles completos y comparables; ENE_FOS se mantiene ausente. Sin dependencia energetica WDI en 2023/2022. Electricidad baja en carbono en 2024 por ausencia de 2025.
EST,233,Estonia,EUR,55.764,2024.0,41483.78707310324,3.77111519842947,2023.0,96.22888480157053,45.410000000000004,81.43246538985726,2024.0,6.11,3.64,59.57446808510638,2025.0,"U.S. Energy Information Administration (2026); Energy Institute Statistical Review of World Energy (2025), con procesamiento de Our World in Data; Our World in Data (procesamiento reproducible de series energeticas)",International Energy Agency (via World Development Indicators - Banco Mundial EG.IMP.CONS.ZS),Ember - Global Electricity Review 2026 / Electricity Data Explorer (via Our World in Data); Our World in Data (procesamiento reproducible de series energeticas),OK,Consumo de energia primaria en 2024 por ausencia de 2025 en serie OWID/EI/EIA.
FRO,234,Faroe Islands,EUR,3.5823817,2024.0,63944.83872695143,,,,,,,,,,,"U.S. Energy Information Administration (2026); Energy Institute Statistical Review of World Energy (2025), con procesamiento de Our World in Data; Our World in Data (procesamiento reproducible de series energeticas)",International Energy Agency (via World Development Indicators - Banco Mundial EG.IMP.CONS.ZS),Ember - Global Electricity Review 2026 / Electricity Data Explorer (via Our World in Data); Our World in Data (procesamiento reproducible de series energeticas),REVISAR,Consumo de energia primaria en 2024 por ausencia de 2025 en serie OWID/EI/EIA. Sin componentes fosiles completos y comparables; ENE_FOS se mantiene ausente. Sin dependencia energetica WDI en 2023/2022. Sin dato de electricidad baja en carbono 2025/2024 comparable. Entidad SEGUN_FUENTE; evitar duplicidad con Estado soberano.
FLK,238,Falkland Islands (Malvinas),SAM,0.4940501,2024.0,141440.0515316347,,,,,,,,,,,"U.S. Energy Information Administration (2026); Energy Institute Statistical Review of World Energy (2025), con procesamiento de Our World in Data; Our World in Data (procesamiento reproducible de series energeticas)",International Energy Agency (via World Development Indicators - Banco Mundial EG.IMP.CONS.ZS),Ember - Global Electricity Review 2026 / Electricity Data Explorer (via Our World in Data); Our World in Data (procesamiento reproducible de series energeticas),REVISAR,Consumo de energia primaria en 2024 por ausencia de 2025 en serie OWID/EI/EIA. Sin componentes fosiles completos y comparables; ENE_FOS se mantiene ausente. Sin dependencia energetica WDI en 2023/2022. Sin dato de electricidad baja en carbono 2025/2024 comparable. Entidad SEGUN_FUENTE; evitar duplicidad con Estado soberano.
FJI,242,Fiji,APC,10.170617,2024.0,10899.12544378825,,,,,,,1.15,0.73,63.47826086956522,2024.0,"U.S. Energy Information Administration (2026); Energy Institute Statistical Review of World Energy (2025), con procesamiento de Our World in Data; Our World in Data (procesamiento reproducible de series energeticas)",International Energy Agency (via World Development Indicators - Banco Mundial EG.IMP.CONS.ZS),Ember - Global Electricity Review 2026 / Electricity Data Explorer (via Our World in Data); Our World in Data (procesamiento reproducible de series energeticas),REVISAR,Consumo de energia primaria en 2024 por ausencia de 2025 en serie OWID/EI/EIA. Sin componentes fosiles completos y comparables; ENE_FOS se mantiene ausente. Sin dependencia energetica WDI en 2023/2022. Electricidad baja en carbono en 2024 por ausencia de 2025.
FIN,246,Finland,EUR,334.594,2024.0,59501.06413853149,30.2718534094324,2023.0,69.7281465905676,120.26,35.94206710221941,2024.0,82.3,79.29,96.34264884568651,2025.0,"U.S. Energy Information Administration (2026); Energy Institute Statistical Review of World Energy (2025), con procesamiento de Our World in Data; Our World in Data (procesamiento reproducible de series energeticas)",International Energy Agency (via World Development Indicators - Banco Mundial EG.IMP.CONS.ZS),Ember - Global Electricity Review 2026 / Electricity Data Explorer (via Our World in Data); Our World in Data (procesamiento reproducible de series energeticas),OK,Consumo de energia primaria en 2024 por ausencia de 2025 en serie OWID/EI/EIA.
ALA,248,Åland Islands,EUR,,,,,,,,,,,,,,"U.S. Energy Information Administration (2026); Energy Institute Statistical Review of World Energy (2025), con procesamiento de Our World in Data; Our World in Data (procesamiento reproducible de series energeticas)",International Energy Agency (via World Development Indicators - Banco Mundial EG.IMP.CONS.ZS),Ember - Global Electricity Review 2026 / Electricity Data Explorer (via Our World in Data); Our World in Data (procesamiento reproducible de series energeticas),REVISAR,Sin consumo de energia primaria 2025/2024 comparable en las series OWID/EI/EIA revisadas. Sin dependencia energetica WDI en 2023/2022. Sin dato de electricidad baja en carbono 2025/2024 comparable. Entidad SEGUN_FUENTE; evitar duplicidad con Estado soberano.
FRA,250,France,EUR,2519.901,2024.0,37807.5109191481,47.1279302986198,2023.0,52.8720697013802,1144.724,45.42734020106345,2024.0,569.98,540.63,94.85069651566721,2025.0,"U.S. Energy Information Administration (2026); Energy Institute Statistical Review of World Energy (2025), con procesamiento de Our World in Data; Our World in Data (procesamiento reproducible de series energeticas)",International Energy Agency (via World Development Indicators - Banco Mundial EG.IMP.CONS.ZS),Ember - Global Electricity Review 2026 / Electricity Data Explorer (via Our World in Data); Our World in Data (procesamiento reproducible de series energeticas),OK,Consumo de energia primaria en 2024 por ausencia de 2025 en serie OWID/EI/EIA.
GUF,254,French Guiana,SAM,,,,,,,,,,,,,,"U.S. Energy Information Administration (2026); Energy Institute Statistical Review of World Energy (2025), con procesamiento de Our World in Data; Our World in Data (procesamiento reproducible de series energeticas)",International Energy Agency (via World Development Indicators - Banco Mundial EG.IMP.CONS.ZS),Ember - Global Electricity Review 2026 / Electricity Data Explorer (via Our World in Data); Our World in Data (procesamiento reproducible de series energeticas),REVISAR,Sin consumo de energia primaria 2025/2024 comparable en las series OWID/EI/EIA revisadas. Sin dependencia energetica WDI en 2023/2022. Sin dato de electricidad baja en carbono 2025/2024 comparable. Entidad SEGUN_FUENTE; evitar duplicidad con Estado soberano.
PYF,258,French Polynesia,APC,5.724629,2024.0,20266.46912216605,,,,,,,0.72,0.25,34.72222222222222,2024.0,"U.S. Energy Information Administration (2026); Energy Institute Statistical Review of World Energy (2025), con procesamiento de Our World in Data; Our World in Data (procesamiento reproducible de series energeticas)",International Energy Agency (via World Development Indicators - Banco Mundial EG.IMP.CONS.ZS),Ember - Global Electricity Review 2026 / Electricity Data Explorer (via Our World in Data); Our World in Data (procesamiento reproducible de series energeticas),REVISAR,Consumo de energia primaria en 2024 por ausencia de 2025 en serie OWID/EI/EIA. Sin componentes fosiles completos y comparables; ENE_FOS se mantiene ausente. Sin dependencia energetica WDI en 2023/2022. Electricidad baja en carbono en 2024 por ausencia de 2025. Entidad SEGUN_FUENTE; evitar duplicidad con Estado soberano.
DJI,262,Djibouti,AFR,3.5083714,2024.0,2962.9463162179645,,,,,,,0.2,0.07,35.0,2024.0,"U.S. Energy Information Administration (2026); Energy Institute Statistical Review of World Energy (2025), con procesamiento de Our World in Data; Our World in Data (procesamiento reproducible de series energeticas)",International Energy Agency (via World Development Indicators - Banco Mundial EG.IMP.CONS.ZS),Ember - Global Electricity Review 2026 / Electricity Data Explorer (via Our World in Data); Our World in Data (procesamiento reproducible de series energeticas),REVISAR,Consumo de energia primaria en 2024 por ausencia de 2025 en serie OWID/EI/EIA. Sin componentes fosiles completos y comparables; ENE_FOS se mantiene ausente. Sin dependencia energetica WDI en 2023/2022. Electricidad baja en carbono en 2024 por ausencia de 2025.
GAB,266,Gabon,AFR,17.171844,2024.0,6622.050332204582,-187.597030037125,2022.0,287.597030037125,,,,2.6,0.92,35.38461538461539,2024.0,"U.S. Energy Information Administration (2026); Energy Institute Statistical Review of World Energy (2025), con procesamiento de Our World in Data; Our World in Data (procesamiento reproducible de series energeticas)",International Energy Agency (via World Development Indicators - Banco Mundial EG.IMP.CONS.ZS),Ember - Global Electricity Review 2026 / Electricity Data Explorer (via Our World in Data); Our World in Data (procesamiento reproducible de series energeticas),REVISAR,Consumo de energia primaria en 2024 por ausencia de 2025 en serie OWID/EI/EIA. Sin componentes fosiles completos y comparables; ENE_FOS se mantiene ausente. Dependencia energetica tomada en 2022 por ausencia de 2023. Electricidad baja en carbono en 2024 por ausencia de 2025.
GEO,268,Georgia,RUE,71.57717,2024.0,18803.09793155118,79.9350466563312,2023.0,20.064953343668805,,,,13.5,10.75,79.62962962962963,2025.0,"U.S. Energy Information Administration (2026); Energy Institute Statistical Review of World Energy (2025), con procesamiento de Our World in Data; Our World in Data (procesamiento reproducible de series energeticas)",International Energy Agency (via World Development Indicators - Banco Mundial EG.IMP.CONS.ZS),Ember - Global Electricity Review 2026 / Electricity Data Explorer (via Our World in Data); Our World in Data (procesamiento reproducible de series energeticas),REVISAR,Consumo de energia primaria en 2024 por ausencia de 2025 en serie OWID/EI/EIA. Sin componentes fosiles completos y comparables; ENE_FOS se mantiene ausente.
GMB,270,Gambia,AFR,2.3008184,2024.0,815.2876551950432,,,,,,,0.51,0.0,0.0,2024.0,"U.S. Energy Information Administration (2026); Energy Institute Statistical Review of World Energy (2025), con procesamiento de Our World in Data; Our World in Data (procesamiento reproducible de series energeticas)",International Energy Agency (via World Development Indicators - Banco Mundial EG.IMP.CONS.ZS),Ember - Global Electricity Review 2026 / Electricity Data Explorer (via Our World in Data); Our World in Data (procesamiento reproducible de series energeticas),REVISAR,Consumo de energia primaria en 2024 por ausencia de 2025 en serie OWID/EI/EIA. Sin componentes fosiles completos y comparables; ENE_FOS se mantiene ausente. Sin dependencia energetica WDI en 2023/2022. Electricidad baja en carbono en 2024 por ausencia de 2025.
PSE,275,Palestina,MDE,27.040026,2024.0,4837.532417160915,,,,,,,0.99,0.39,39.3939393939394,2024.0,"U.S. Energy Information Administration (2026); Energy Institute Statistical Review of World Energy (2025), con procesamiento de Our World in Data; Our World in Data (procesamiento reproducible de series energeticas)",International Energy Agency (via World Development Indicators - Banco Mundial EG.IMP.CONS.ZS),Ember - Global Electricity Review 2026 / Electricity Data Explorer (via Our World in Data); Our World in Data (procesamiento reproducible de series energeticas),REVISAR,Consumo de energia primaria en 2024 por ausencia de 2025 en serie OWID/EI/EIA. Sin componentes fosiles completos y comparables; ENE_FOS se mantiene ausente. Sin dependencia energetica WDI en 2023/2022. Electricidad baja en carbono en 2024 por ausencia de 2025.
DEU,276,Germany,EUR,3195.441,2024.0,38006.99553345626,70.4874265375658,2023.0,29.512573462434204,2400.492,75.12240094559719,2024.0,500.47,295.74,59.09245309409156,2025.0,"U.S. Energy Information Administration (2026); Energy Institute Statistical Review of World Energy (2025), con procesamiento de Our World in Data; Our World in Data (procesamiento reproducible de series energeticas)",International Energy Agency (via World Development Indicators - Banco Mundial EG.IMP.CONS.ZS),Ember - Global Electricity Review 2026 / Electricity Data Explorer (via Our World in Data); Our World in Data (procesamiento reproducible de series energeticas),OK,Consumo de energia primaria en 2024 por ausencia de 2025 en serie OWID/EI/EIA.
GHA,288,Ghana,AFR,112.34843,2024.0,3204.0709123989636,-22.3656522253718,2022.0,122.3656522253718,,,,24.27,8.79,36.21755253399258,2024.0,"U.S. Energy Information Administration (2026); Energy Institute Statistical Review of World Energy (2025), con procesamiento de Our World in Data; Our World in Data (procesamiento reproducible de series energeticas)",International Energy Agency (via World Development Indicators - Banco Mundial EG.IMP.CONS.ZS),Ember - Global Electricity Review 2026 / Electricity Data Explorer (via Our World in Data); Our World in Data (procesamiento reproducible de series energeticas),REVISAR,Consumo de energia primaria en 2024 por ausencia de 2025 en serie OWID/EI/EIA. Sin componentes fosiles completos y comparables; ENE_FOS se mantiene ausente. Dependencia energetica tomada en 2022 por ausencia de 2023. Electricidad baja en carbono en 2024 por ausencia de 2025.
GIB,292,Gibraltar,EUR,,,,,,,,,,0.22,0.0,0.0,2024.0,"U.S. Energy Information Administration (2026); Energy Institute Statistical Review of World Energy (2025), con procesamiento de Our World in Data; Our World in Data (procesamiento reproducible de series energeticas)",International Energy Agency (via World Development Indicators - Banco Mundial EG.IMP.CONS.ZS),Ember - Global Electricity Review 2026 / Electricity Data Explorer (via Our World in Data); Our World in Data (procesamiento reproducible de series energeticas),REVISAR,Sin consumo de energia primaria 2025/2024 comparable en las series OWID/EI/EIA revisadas. Sin dependencia energetica WDI en 2023/2022. Electricidad baja en carbono en 2024 por ausencia de 2025. Entidad SEGUN_FUENTE; evitar duplicidad con Estado soberano.
KIR,296,Kiribati,APC,0.35957345,2024.0,2634.14124024761,,,,,,,0.04,0.01,25.0,2024.0,"U.S. Energy Information Administration (2026); Energy Institute Statistical Review of World Energy (2025), con procesamiento de Our World in Data; Our World in Data (procesamiento reproducible de series energeticas)",International Energy Agency (via World Development Indicators - Banco Mundial EG.IMP.CONS.ZS),Ember - Global Electricity Review 2026 / Electricity Data Explorer (via Our World in Data); Our World in Data (procesamiento reproducible de series energeticas),REVISAR,Consumo de energia primaria en 2024 por ausencia de 2025 en serie OWID/EI/EIA. Sin componentes fosiles completos y comparables; ENE_FOS se mantiene ausente. Sin dependencia energetica WDI en 2023/2022. Electricidad baja en carbono en 2024 por ausencia de 2025.
GRC,300,Greece,EUR,321.187,2024.0,32316.324016256614,89.2460562263153,2023.0,10.753943773684696,250.53799999999998,78.00377972956564,2024.0,58.27,28.96,49.69967393169727,2025.0,"U.S. Energy Information Administration (2026); Energy Institute Statistical Review of World Energy (2025), con procesamiento de Our World in Data; Our World in Data (procesamiento reproducible de series energeticas)",International Energy Agency (via World Development Indicators - Banco Mundial EG.IMP.CONS.ZS),Ember - Global Electricity Review 2026 / Electricity Data Explorer (via Our World in Data); Our World in Data (procesamiento reproducible de series energeticas),OK,Consumo de energia primaria en 2024 por ausencia de 2025 en serie OWID/EI/EIA.
GRL,304,Greenland,NAC,2.700317,2024.0,48421.41409794323,,,,,,,0.6,0.5,83.33333333333334,2024.0,"U.S. Energy Information Administration (2026); Energy Institute Statistical Review of World Energy (2025), con procesamiento de Our World in Data; Our World in Data (procesamiento reproducible de series energeticas)",International Energy Agency (via World Development Indicators - Banco Mundial EG.IMP.CONS.ZS),Ember - Global Electricity Review 2026 / Electricity Data Explorer (via Our World in Data); Our World in Data (procesamiento reproducible de series energeticas),REVISAR,Consumo de energia primaria en 2024 por ausencia de 2025 en serie OWID/EI/EIA. Sin componentes fosiles completos y comparables; ENE_FOS se mantiene ausente. Sin dependencia energetica WDI en 2023/2022. Electricidad baja en carbono en 2024 por ausencia de 2025. Entidad SEGUN_FUENTE; evitar duplicidad con Estado soberano.
GRD,308,Grenada,NAC,1.678758,2024.0,14309.832502237565,,,,,,,0.24,0.0,0.0,2024.0,"U.S. Energy Information Administration (2026); Energy Institute Statistical Review of World Energy (2025), con procesamiento de Our World in Data; Our World in Data (procesamiento reproducible de series energeticas)",International Energy Agency (via World Development Indicators - Banco Mundial EG.IMP.CONS.ZS),Ember - Global Electricity Review 2026 / Electricity Data Explorer (via Our World in Data); Our World in Data (procesamiento reproducible de series energeticas),REVISAR,Consumo de energia primaria en 2024 por ausencia de 2025 en serie OWID/EI/EIA. Sin componentes fosiles completos y comparables; ENE_FOS se mantiene ausente. Sin dependencia energetica WDI en 2023/2022. Electricidad baja en carbono en 2024 por ausencia de 2025.
GLP,312,Guadeloupe,NAC,,,,,,,,,,,,,,"U.S. Energy Information Administration (2026); Energy Institute Statistical Review of World Energy (2025), con procesamiento de Our World in Data; Our World in Data (procesamiento reproducible de series energeticas)",International Energy Agency (via World Development Indicators - Banco Mundial EG.IMP.CONS.ZS),Ember - Global Electricity Review 2026 / Electricity Data Explorer (via Our World in Data); Our World in Data (procesamiento reproducible de series energeticas),REVISAR,Sin consumo de energia primaria 2025/2024 comparable en las series OWID/EI/EIA revisadas. Sin dependencia energetica WDI en 2023/2022. Sin dato de electricidad baja en carbono 2025/2024 comparable. Entidad SEGUN_FUENTE; evitar duplicidad con Estado soberano.
GUM,316,Guam,APC,5.586669,2024.0,33054.47477723739,,,,,,,1.86,0.16,8.602150537634408,2024.0,"U.S. Energy Information Administration (2026); Energy Institute Statistical Review of World Energy (2025), con procesamiento de Our World in Data; Our World in Data (procesamiento reproducible de series energeticas)",International Energy Agency (via World Development Indicators - Banco Mundial EG.IMP.CONS.ZS),Ember - Global Electricity Review 2026 / Electricity Data Explorer (via Our World in Data); Our World in Data (procesamiento reproducible de series energeticas),REVISAR,Consumo de energia primaria en 2024 por ausencia de 2025 en serie OWID/EI/EIA. Sin componentes fosiles completos y comparables; ENE_FOS se mantiene ausente. Sin dependencia energetica WDI en 2023/2022. Electricidad baja en carbono en 2024 por ausencia de 2025. Entidad SEGUN_FUENTE; evitar duplicidad con Estado soberano.
GTM,320,Guatemala,NAC,99.95027,2024.0,5348.400388465659,38.364016749015,2022.0,61.635983250985,,,,15.79,10.79,68.33438885370488,2024.0,"U.S. Energy Information Administration (2026); Energy Institute Statistical Review of World Energy (2025), con procesamiento de Our World in Data; Our World in Data (procesamiento reproducible de series energeticas)",International Energy Agency (via World Development Indicators - Banco Mundial EG.IMP.CONS.ZS),Ember - Global Electricity Review 2026 / Electricity Data Explorer (via Our World in Data); Our World in Data (procesamiento reproducible de series energeticas),REVISAR,Consumo de energia primaria en 2024 por ausencia de 2025 en serie OWID/EI/EIA. Sin componentes fosiles completos y comparables; ENE_FOS se mantiene ausente. Dependencia energetica tomada en 2022 por ausencia de 2023. Electricidad baja en carbono en 2024 por ausencia de 2025.
GIN,324,Guinea,AFR,21.888275,2024.0,1449.5804594134822,,,,,,,4.03,3.03,75.18610421836227,2024.0,"U.S. Energy Information Administration (2026); Energy Institute Statistical Review of World Energy (2025), con procesamiento de Our World in Data; Our World in Data (procesamiento reproducible de series energeticas)",International Energy Agency (via World Development Indicators - Banco Mundial EG.IMP.CONS.ZS),Ember - Global Electricity Review 2026 / Electricity Data Explorer (via Our World in Data); Our World in Data (procesamiento reproducible de series energeticas),REVISAR,Consumo de energia primaria en 2024 por ausencia de 2025 en serie OWID/EI/EIA. Sin componentes fosiles completos y comparables; ENE_FOS se mantiene ausente. Sin dependencia energetica WDI en 2023/2022. Electricidad baja en carbono en 2024 por ausencia de 2025.
GUY,328,Guyana,SAM,16.44664,2024.0,19673.226147171437,,,,,,,1.38,0.04,2.8985507246376816,2024.0,"U.S. Energy Information Administration (2026); Energy Institute Statistical Review of World Energy (2025), con procesamiento de Our World in Data; Our World in Data (procesamiento reproducible de series energeticas)",International Energy Agency (via World Development Indicators - Banco Mundial EG.IMP.CONS.ZS),Ember - Global Electricity Review 2026 / Electricity Data Explorer (via Our World in Data); Our World in Data (procesamiento reproducible de series energeticas),REVISAR,Consumo de energia primaria en 2024 por ausencia de 2025 en serie OWID/EI/EIA. Sin componentes fosiles completos y comparables; ENE_FOS se mantiene ausente. Sin dependencia energetica WDI en 2023/2022. Electricidad baja en carbono en 2024 por ausencia de 2025.
HTI,332,Haiti,NAC,7.090426,2024.0,595.5291466706042,,,,,,,0.86,0.16,18.6046511627907,2024.0,"U.S. Energy Information Administration (2026); Energy Institute Statistical Review of World Energy (2025), con procesamiento de Our World in Data; Our World in Data (procesamiento reproducible de series energeticas)",International Energy Agency (via World Development Indicators - Banco Mundial EG.IMP.CONS.ZS),Ember - Global Electricity Review 2026 / Electricity Data Explorer (via Our World in Data); Our World in Data (procesamiento reproducible de series energeticas),REVISAR,Consumo de energia primaria en 2024 por ausencia de 2025 en serie OWID/EI/EIA. Sin componentes fosiles completos y comparables; ENE_FOS se mantiene ausente. Sin dependencia energetica WDI en 2023/2022. Electricidad baja en carbono en 2024 por ausencia de 2025.
VAT,336,Holy See (Vatican City State),EUR,,,,,,,,,,,,,,"U.S. Energy Information Administration (2026); Energy Institute Statistical Review of World Energy (2025), con procesamiento de Our World in Data; Our World in Data (procesamiento reproducible de series energeticas)",International Energy Agency (via World Development Indicators - Banco Mundial EG.IMP.CONS.ZS),Ember - Global Electricity Review 2026 / Electricity Data Explorer (via Our World in Data); Our World in Data (procesamiento reproducible de series energeticas),REVISAR,Sin consumo de energia primaria 2025/2024 comparable en las series OWID/EI/EIA revisadas. Sin dependencia energetica WDI en 2023/2022. Sin dato de electricidad baja en carbono 2025/2024 comparable.
HND,340,Honduras,NAC,56.74455,2024.0,5155.852540993646,60.5670375858002,2023.0,39.4329624141998,,,,12.48,6.92,55.44871794871795,2024.0,"U.S. Energy Information Administration (2026); Energy Institute Statistical Review of World Energy (2025), con procesamiento de Our World in Data; Our World in Data (procesamiento reproducible de series energeticas)",International Energy Agency (via World Development Indicators - Banco Mundial EG.IMP.CONS.ZS),Ember - Global Electricity Review 2026 / Electricity Data Explorer (via Our World in Data); Our World in Data (procesamiento reproducible de series energeticas),REVISAR,Consumo de energia primaria en 2024 por ausencia de 2025 en serie OWID/EI/EIA. Sin componentes fosiles completos y comparables; ENE_FOS se mantiene ausente. Electricidad baja en carbono en 2024 por ausencia de 2025.
HKG,344,Hong Kong,CHN,272.932,2024.0,36902.27586929554,175.706507863695,2022.0,-75.70650786369501,270.012,98.9301364442425,2024.0,37.44,0.39,1.0416666666666667,2024.0,"U.S. Energy Information Administration (2026); Energy Institute Statistical Review of World Energy (2025), con procesamiento de Our World in Data; Our World in Data (procesamiento reproducible de series energeticas)",International Energy Agency (via World Development Indicators - Banco Mundial EG.IMP.CONS.ZS),Ember - Global Electricity Review 2026 / Electricity Data Explorer (via Our World in Data); Our World in Data (procesamiento reproducible de series energeticas),OK,Consumo de energia primaria en 2024 por ausencia de 2025 en serie OWID/EI/EIA. Dependencia energetica tomada en 2022 por ausencia de 2023. Electricidad baja en carbono en 2024 por ausencia de 2025. Entidad SEGUN_FUENTE; evitar duplicidad con Estado soberano. HKG/MAC solo con dato separado publicable y comparable.
HUN,348,Hungary,EUR,260.792,2024.0,27074.777472346643,62.5098125396588,2023.0,37.4901874603412,186.586,71.54590631614468,2024.0,40.24,30.31,75.32306163021867,2025.0,"U.S. Energy Information Administration (2026); Energy Institute Statistical Review of World Energy (2025), con procesamiento de Our World in Data; Our World in Data (procesamiento reproducible de series energeticas)",International Energy Agency (via World Development Indicators - Banco Mundial EG.IMP.CONS.ZS),Ember - Global Electricity Review 2026 / Electricity Data Explorer (via Our World in Data); Our World in Data (procesamiento reproducible de series energeticas),OK,Consumo de energia primaria en 2024 por ausencia de 2025 en serie OWID/EI/EIA.
ISL,352,Iceland,EUR,62.817,2024.0,157724.65915082733,,,,12.601,20.05985640829712,2024.0,19.05,19.05,100.0,2024.0,"U.S. Energy Information Administration (2026); Energy Institute Statistical Review of World Energy (2025), con procesamiento de Our World in Data; Our World in Data (procesamiento reproducible de series energeticas)",International Energy Agency (via World Development Indicators - Banco Mundial EG.IMP.CONS.ZS),Ember - Global Electricity Review 2026 / Electricity Data Explorer (via Our World in Data); Our World in Data (procesamiento reproducible de series energeticas),REVISAR,Consumo de energia primaria en 2024 por ausencia de 2025 en serie OWID/EI/EIA. Sin dependencia energetica WDI en 2023/2022. Electricidad baja en carbono en 2024 por ausencia de 2025.
IND,356,India,SAI,11336.057,2024.0,7743.919636683951,36.0871843474496,2023.0,63.9128156525504,10111.387999999999,89.19669334760754,2024.0,2081.6,554.81,26.653055342044578,2025.0,"U.S. Energy Information Administration (2026); Energy Institute Statistical Review of World Energy (2025), con procesamiento de Our World in Data; Our World in Data (procesamiento reproducible de series energeticas)",International Energy Agency (via World Development Indicators - Banco Mundial EG.IMP.CONS.ZS),Ember - Global Electricity Review 2026 / Electricity Data Explorer (via Our World in Data); Our World in Data (procesamiento reproducible de series energeticas),OK,Consumo de energia primaria en 2024 por ausencia de 2025 en serie OWID/EI/EIA.
IDN,360,Indonesia,APC,2984.731,2024.0,10446.304602566635,-89.548816280588,2023.0,189.548816280588,2663.047,89.22234533028269,2024.0,371.54,67.21,18.089573128061577,2024.0,"U.S. Energy Information Administration (2026); Energy Institute Statistical Review of World Energy (2025), con procesamiento de Our World in Data; Our World in Data (procesamiento reproducible de series energeticas)",International Energy Agency (via World Development Indicators - Banco Mundial EG.IMP.CONS.ZS),Ember - Global Electricity Review 2026 / Electricity Data Explorer (via Our World in Data); Our World in Data (procesamiento reproducible de series energeticas),OK,Consumo de energia primaria en 2024 por ausencia de 2025 en serie OWID/EI/EIA. Electricidad baja en carbono en 2024 por ausencia de 2025.
IRN,364,Irán,MDE,3589.786,2024.0,38843.06384479404,-32.4944592767049,2022.0,132.4944592767049,3517.0240000000003,97.97308251801084,2024.0,395.78,22.56,5.70013643943605,2025.0,"U.S. Energy Information Administration (2026); Energy Institute Statistical Review of World Energy (2025), con procesamiento de Our World in Data; Our World in Data (procesamiento reproducible de series energeticas)",International Energy Agency (via World Development Indicators - Banco Mundial EG.IMP.CONS.ZS),Ember - Global Electricity Review 2026 / Electricity Data Explorer (via Our World in Data); Our World in Data (procesamiento reproducible de series energeticas),OK,Consumo de energia primaria en 2024 por ausencia de 2025 en serie OWID/EI/EIA. Dependencia energetica tomada en 2022 por ausencia de 2023.
IRQ,368,Iraq,MDE,736.781,2024.0,15669.264340968582,-274.87736059498,2022.0,374.87736059498,732.2139999999999,99.38014145315907,2024.0,149.73,2.43,1.6229212582648769,2024.0,"U.S. Energy Information Administration (2026); Energy Institute Statistical Review of World Energy (2025), con procesamiento de Our World in Data; Our World in Data (procesamiento reproducible de series energeticas)",International Energy Agency (via World Development Indicators - Banco Mundial EG.IMP.CONS.ZS),Ember - Global Electricity Review 2026 / Electricity Data Explorer (via Our World in Data); Our World in Data (procesamiento reproducible de series energeticas),OK,Consumo de energia primaria en 2024 por ausencia de 2025 en serie OWID/EI/EIA. Dependencia energetica tomada en 2022 por ausencia de 2023. Electricidad baja en carbono en 2024 por ausencia de 2025.
IRL,372,Ireland,EUR,181.792,2024.0,34248.455407697955,85.7663488731447,2023.0,14.233651126855307,139.859,76.93352842809364,2024.0,30.95,14.9,48.1421647819063,2025.0,"U.S. Energy Information Administration (2026); Energy Institute Statistical Review of World Energy (2025), con procesamiento de Our World in Data; Our World in Data (procesamiento reproducible de series energeticas)",International Energy Agency (via World Development Indicators - Banco Mundial EG.IMP.CONS.ZS),Ember - Global Electricity Review 2026 / Electricity Data Explorer (via Our World in Data); Our World in Data (procesamiento reproducible de series energeticas),OK,Consumo de energia primaria en 2024 por ausencia de 2025 en serie OWID/EI/EIA.
ISR,376,Israel,MDE,277.774,2024.0,29186.580649608255,13.73424198863,2023.0,86.26575801137,249.137,89.69053979134117,2024.0,82.1,13.9,16.9305724725944,2025.0,"U.S. Energy Information Administration (2026); Energy Institute Statistical Review of World Energy (2025), con procesamiento de Our World in Data; Our World in Data (procesamiento reproducible de series energeticas)",International Energy Agency (via World Development Indicators - Banco Mundial EG.IMP.CONS.ZS),Ember - Global Electricity Review 2026 / Electricity Data Explorer (via Our World in Data); Our World in Data (procesamiento reproducible de series energeticas),OK,Consumo de energia primaria en 2024 por ausencia de 2025 en serie OWID/EI/EIA.
ITA,380,Italy,EUR,1696.287,2024.0,28679.529592596577,79.59805806701,2023.0,20.40194193299,1329.9279999999999,78.40229866761933,2024.0,264.7,129.11,48.775972799395554,2025.0,"U.S. Energy Information Administration (2026); Energy Institute Statistical Review of World Energy (2025), con procesamiento de Our World in Data; Our World in Data (procesamiento reproducible de series energeticas)",International Energy Agency (via World Development Indicators - Banco Mundial EG.IMP.CONS.ZS),Ember - Global Electricity Review 2026 / Electricity Data Explorer (via Our World in Data); Our World in Data (procesamiento reproducible de series energeticas),OK,Consumo de energia primaria en 2024 por ausencia de 2025 en serie OWID/EI/EIA.
CIV,384,Côte d'Ivoire,AFR,83.41477,2024.0,2550.0100178695316,14.3786092266282,2022.0,85.6213907733718,,,,10.79,3.12,28.915662650602414,2024.0,"U.S. Energy Information Administration (2026); Energy Institute Statistical Review of World Energy (2025), con procesamiento de Our World in Data; Our World in Data (procesamiento reproducible de series energeticas)",International Energy Agency (via World Development Indicators - Banco Mundial EG.IMP.CONS.ZS),Ember - Global Electricity Review 2026 / Electricity Data Explorer (via Our World in Data); Our World in Data (procesamiento reproducible de series energeticas),REVISAR,Consumo de energia primaria en 2024 por ausencia de 2025 en serie OWID/EI/EIA. Sin componentes fosiles completos y comparables; ENE_FOS se mantiene ausente. Dependencia energetica tomada en 2022 por ausencia de 2023. Electricidad baja en carbono en 2024 por ausencia de 2025.
JAM,388,Jamaica,NAC,35.50246,2024.0,12513.73242911726,112.575323434922,2022.0,-12.575323434921998,,,,4.92,0.62,12.601626016260163,2024.0,"U.S. Energy Information Administration (2026); Energy Institute Statistical Review of World Energy (2025), con procesamiento de Our World in Data; Our World in Data (procesamiento reproducible de series energeticas)",International Energy Agency (via World Development Indicators - Banco Mundial EG.IMP.CONS.ZS),Ember - Global Electricity Review 2026 / Electricity Data Explorer (via Our World in Data); Our World in Data (procesamiento reproducible de series energeticas),REVISAR,Consumo de energia primaria en 2024 por ausencia de 2025 en serie OWID/EI/EIA. Sin componentes fosiles completos y comparables; ENE_FOS se mantiene ausente. Dependencia energetica tomada en 2022 por ausencia de 2023. Electricidad baja en carbono en 2024 por ausencia de 2025.
JPN,392,Japan,APC,4794.816,2024.0,38949.47567688582,87.2798853157027,2023.0,12.7201146842973,3950.88,82.398990910183,2024.0,1029.86,336.82,32.70541627017265,2025.0,"U.S. Energy Information Administration (2026); Energy Institute Statistical Review of World Energy (2025), con procesamiento de Our World in Data; Our World in Data (procesamiento reproducible de series energeticas)",International Energy Agency (via World Development Indicators - Banco Mundial EG.IMP.CONS.ZS),Ember - Global Electricity Review 2026 / Electricity Data Explorer (via Our World in Data); Our World in Data (procesamiento reproducible de series energeticas),OK,Consumo de energia primaria en 2024 por ausencia de 2025 en serie OWID/EI/EIA.
KAZ,398,Kazakhstan,RUE,862.112,2024.0,41360.67977761016,-119.1426831733,2023.0,219.1426831733,815.419,94.58388237259197,2024.0,123.69,18.38,14.859729970086505,2025.0,"U.S. Energy Information Administration (2026); Energy Institute Statistical Review of World Energy (2025), con procesamiento de Our World in Data; Our World in Data (procesamiento reproducible de series energeticas)",International Energy Agency (via World Development Indicators - Banco Mundial EG.IMP.CONS.ZS),Ember - Global Electricity Review 2026 / Electricity Data Explorer (via Our World in Data); Our World in Data (procesamiento reproducible de series energeticas),OK,Consumo de energia primaria en 2024 por ausencia de 2025 en serie OWID/EI/EIA.
JOR,400,Jordan,MDE,107.62895,2024.0,9342.233670613567,96.3523279332296,2022.0,3.6476720667703972,,,,23.67,5.7,24.081115335868187,2024.0,"U.S. Energy Information Administration (2026); Energy Institute Statistical Review of World Energy (2025), con procesamiento de Our World in Data; Our World in Data (procesamiento reproducible de series energeticas)",International Energy Agency (via World Development Indicators - Banco Mundial EG.IMP.CONS.ZS),Ember - Global Electricity Review 2026 / Electricity Data Explorer (via Our World in Data); Our World in Data (procesamiento reproducible de series energeticas),REVISAR,Consumo de energia primaria en 2024 por ausencia de 2025 en serie OWID/EI/EIA. Sin componentes fosiles completos y comparables; ENE_FOS se mantiene ausente. Dependencia energetica tomada en 2022 por ausencia de 2023. Electricidad baja en carbono en 2024 por ausencia de 2025.
KEN,404,Kenya,AFR,94.62624,2024.0,1644.744358453035,22.3745456763117,2023.0,77.6254543236883,,,,14.04,12.64,90.02849002849004,2025.0,"U.S. Energy Information Administration (2026); Energy Institute Statistical Review of World Energy (2025), con procesamiento de Our World in Data; Our World in Data (procesamiento reproducible de series energeticas)",International Energy Agency (via World Development Indicators - Banco Mundial EG.IMP.CONS.ZS),Ember - Global Electricity Review 2026 / Electricity Data Explorer (via Our World in Data); Our World in Data (procesamiento reproducible de series energeticas),REVISAR,Consumo de energia primaria en 2024 por ausencia de 2025 en serie OWID/EI/EIA. Sin componentes fosiles completos y comparables; ENE_FOS se mantiene ausente.
PRK,408,Corea del Norte,APC,,,,,,,,,,,,,,"U.S. Energy Information Administration (2026); Energy Institute Statistical Review of World Energy (2025), con procesamiento de Our World in Data; Our World in Data (procesamiento reproducible de series energeticas)",International Energy Agency (via World Development Indicators - Banco Mundial EG.IMP.CONS.ZS),Ember - Global Electricity Review 2026 / Electricity Data Explorer (via Our World in Data); Our World in Data (procesamiento reproducible de series energeticas),AUSENTE_DOCUMENTADO,Consumo de energia primaria en 2024 por ausencia de 2025 en serie OWID/EI/EIA. Sin componentes fosiles completos y comparables; ENE_FOS se mantiene ausente. Dependencia energetica tomada en 2022 por ausencia de 2023. Electricidad baja en carbono en 2024 por ausencia de 2025. PRK se mantiene ausente cuando no hay publicacion comparable; no estimar.
KOR,410,Corea del Sur,APC,3616.218,2024.0,69990.81716223893,84.6000911986392,2023.0,15.399908801360795,2969.065,82.10414858838709,2024.0,624.66,249.6,39.95773700893286,2025.0,"U.S. Energy Information Administration (2026); Energy Institute Statistical Review of World Energy (2025), con procesamiento de Our World in Data; Our World in Data (procesamiento reproducible de series energeticas)",International Energy Agency (via World Development Indicators - Banco Mundial EG.IMP.CONS.ZS),Ember - Global Electricity Review 2026 / Electricity Data Explorer (via Our World in Data); Our World in Data (procesamiento reproducible de series energeticas),OK,Consumo de energia primaria en 2024 por ausencia de 2025 en serie OWID/EI/EIA.
KWT,414,Kuwait,MDE,525.025,2024.0,104460.15671460795,-283.096624591869,2022.0,383.096624591869,524.603,99.91962287510118,2024.0,92.49,2.07,2.23807979240999,2025.0,"U.S. Energy Information Administration (2026); Energy Institute Statistical Review of World Energy (2025), con procesamiento de Our World in Data; Our World in Data (procesamiento reproducible de series energeticas)",International Energy Agency (via World Development Indicators - Banco Mundial EG.IMP.CONS.ZS),Ember - Global Electricity Review 2026 / Electricity Data Explorer (via Our World in Data); Our World in Data (procesamiento reproducible de series energeticas),OK,Consumo de energia primaria en 2024 por ausencia de 2025 en serie OWID/EI/EIA. Dependencia energetica tomada en 2022 por ausencia de 2023.
KGZ,417,Kyrgyzstan,RUE,54.984097,2024.0,7537.192340491213,33.7815670306686,2022.0,66.2184329693314,,,,15.78,13.37,84.72750316856781,2025.0,"U.S. Energy Information Administration (2026); Energy Institute Statistical Review of World Energy (2025), con procesamiento de Our World in Data; Our World in Data (procesamiento reproducible de series energeticas)",International Energy Agency (via World Development Indicators - Banco Mundial EG.IMP.CONS.ZS),Ember - Global Electricity Review 2026 / Electricity Data Explorer (via Our World in Data); Our World in Data (procesamiento reproducible de series energeticas),REVISAR,Consumo de energia primaria en 2024 por ausencia de 2025 en serie OWID/EI/EIA. Sin componentes fosiles completos y comparables; ENE_FOS se mantiene ausente. Dependencia energetica tomada en 2022 por ausencia de 2023.
LAO,418,Lao People's Democratic Republic,APC,84.59229,2024.0,10744.541377113414,-49.0213561069782,2022.0,149.0213561069782,,,,52.31,40.13,76.71573312942076,2024.0,"U.S. Energy Information Administration (2026); Energy Institute Statistical Review of World Energy (2025), con procesamiento de Our World in Data; Our World in Data (procesamiento reproducible de series energeticas)",International Energy Agency (via World Development Indicators - Banco Mundial EG.IMP.CONS.ZS),Ember - Global Electricity Review 2026 / Electricity Data Explorer (via Our World in Data); Our World in Data (procesamiento reproducible de series energeticas),REVISAR,Consumo de energia primaria en 2024 por ausencia de 2025 en serie OWID/EI/EIA. Sin componentes fosiles completos y comparables; ENE_FOS se mantiene ausente. Dependencia energetica tomada en 2022 por ausencia de 2023. Electricidad baja en carbono en 2024 por ausencia de 2025.
LBN,422,Lebanon,MDE,71.3574,2024.0,12199.0493763231,96.923460215068,2022.0,3.0765397849319953,,,,5.34,2.34,43.82022471910112,2024.0,"U.S. Energy Information Administration (2026); Energy Institute Statistical Review of World Energy (2025), con procesamiento de Our World in Data; Our World in Data (procesamiento reproducible de series energeticas)",International Energy Agency (via World Development Indicators - Banco Mundial EG.IMP.CONS.ZS),Ember - Global Electricity Review 2026 / Electricity Data Explorer (via Our World in Data); Our World in Data (procesamiento reproducible de series energeticas),REVISAR,Consumo de energia primaria en 2024 por ausencia de 2025 en serie OWID/EI/EIA. Sin componentes fosiles completos y comparables; ENE_FOS se mantiene ausente. Dependencia energetica tomada en 2022 por ausencia de 2023. Electricidad baja en carbono en 2024 por ausencia de 2025.
LSO,426,Lesotho,AFR,3.9308472,2024.0,1663.2663233657593,,,,,,,0.0,0.0,,2024.0,"U.S. Energy Information Administration (2026); Energy Institute Statistical Review of World Energy (2025), con procesamiento de Our World in Data; Our World in Data (procesamiento reproducible de series energeticas)",International Energy Agency (via World Development Indicators - Banco Mundial EG.IMP.CONS.ZS),Ember - Global Electricity Review 2026 / Electricity Data Explorer (via Our World in Data); Our World in Data (procesamiento reproducible de series energeticas),REVISAR,Consumo de energia primaria en 2024 por ausencia de 2025 en serie OWID/EI/EIA. Sin componentes fosiles completos y comparables; ENE_FOS se mantiene ausente. Sin dependencia energetica WDI en 2023/2022. Electricidad baja en carbono en 2024 por ausencia de 2025.
LVA,428,Latvia,EUR,38.79,2024.0,20927.296661559376,34.3077384557047,2023.0,65.69226154429529,26.848000000000003,69.21371487496778,2024.0,6.27,4.58,73.04625199362043,2025.0,"U.S. Energy Information Administration (2026); Energy Institute Statistical Review of World Energy (2025), con procesamiento de Our World in Data; Our World in Data (procesamiento reproducible de series energeticas)",International Energy Agency (via World Development Indicators - Banco Mundial EG.IMP.CONS.ZS),Ember - Global Electricity Review 2026 / Electricity Data Explorer (via Our World in Data); Our World in Data (procesamiento reproducible de series energeticas),OK,Consumo de energia primaria en 2024 por ausencia de 2025 en serie OWID/EI/EIA.
LBR,430,Liberia,AFR,3.1984782,2024.0,558.0811787257342,,,,,,,0.57,0.31,54.385964912280706,2024.0,"U.S. Energy Information Administration (2026); Energy Institute Statistical Review of World Energy (2025), con procesamiento de Our World in Data; Our World in Data (procesamiento reproducible de series energeticas)",International Energy Agency (via World Development Indicators - Banco Mundial EG.IMP.CONS.ZS),Ember - Global Electricity Review 2026 / Electricity Data Explorer (via Our World in Data); Our World in Data (procesamiento reproducible de series energeticas),REVISAR,Consumo de energia primaria en 2024 por ausencia de 2025 en serie OWID/EI/EIA. Sin componentes fosiles completos y comparables; ENE_FOS se mantiene ausente. Sin dependencia energetica WDI en 2023/2022. Electricidad baja en carbono en 2024 por ausencia de 2025.
LBY,434,Libya,AFR,246.2529,2024.0,33016.171767342574,-249.727007920872,2022.0,349.727007920872,,,,34.59,0.01,0.028910089621277824,2024.0,"U.S. Energy Information Administration (2026); Energy Institute Statistical Review of World Energy (2025), con procesamiento de Our World in Data; Our World in Data (procesamiento reproducible de series energeticas)",International Energy Agency (via World Development Indicators - Banco Mundial EG.IMP.CONS.ZS),Ember - Global Electricity Review 2026 / Electricity Data Explorer (via Our World in Data); Our World in Data (procesamiento reproducible de series energeticas),REVISAR,Consumo de energia primaria en 2024 por ausencia de 2025 en serie OWID/EI/EIA. Sin componentes fosiles completos y comparables; ENE_FOS se mantiene ausente. Dependencia energetica tomada en 2022 por ausencia de 2023. Electricidad baja en carbono en 2024 por ausencia de 2025.
LIE,438,Liechtenstein,EUR,,,,,,,,,,,,,,"U.S. Energy Information Administration (2026); Energy Institute Statistical Review of World Energy (2025), con procesamiento de Our World in Data; Our World in Data (procesamiento reproducible de series energeticas)",International Energy Agency (via World Development Indicators - Banco Mundial EG.IMP.CONS.ZS),Ember - Global Electricity Review 2026 / Electricity Data Explorer (via Our World in Data); Our World in Data (procesamiento reproducible de series energeticas),REVISAR,Sin consumo de energia primaria 2025/2024 comparable en las series OWID/EI/EIA revisadas. Sin dependencia energetica WDI en 2023/2022. Sin dato de electricidad baja en carbono 2025/2024 comparable.
LTU,440,Lithuania,EUR,73.366,2024.0,25923.007614437396,71.4559726962456,2023.0,28.544027303754405,55.541,75.7040045797781,2024.0,8.89,6.9,77.61529808773902,2025.0,"U.S. Energy Information Administration (2026); Energy Institute Statistical Review of World Energy (2025), con procesamiento de Our World in Data; Our World in Data (procesamiento reproducible de series energeticas)",International Energy Agency (via World Development Indicators - Banco Mundial EG.IMP.CONS.ZS),Ember - Global Electricity Review 2026 / Electricity Data Explorer (via Our World in Data); Our World in Data (procesamiento reproducible de series energeticas),OK,Consumo de energia primaria en 2024 por ausencia de 2025 en serie OWID/EI/EIA.
LUX,442,Luxembourg,EUR,39.742,2024.0,58405.12363804166,109.585053497428,2023.0,-9.585053497428007,33.903,85.30773489004076,2024.0,1.54,1.41,91.55844155844154,2025.0,"U.S. Energy Information Administration (2026); Energy Institute Statistical Review of World Energy (2025), con procesamiento de Our World in Data; Our World in Data (procesamiento reproducible de series energeticas)",International Energy Agency (via World Development Indicators - Banco Mundial EG.IMP.CONS.ZS),Ember - Global Electricity Review 2026 / Electricity Data Explorer (via Our World in Data); Our World in Data (procesamiento reproducible de series energeticas),OK,Consumo de energia primaria en 2024 por ausencia de 2025 en serie OWID/EI/EIA.
MAC,446,Macao,CHN,13.978089,2024.0,19359.751418939693,,,,,,,0.78,0.24,30.769230769230766,2024.0,"U.S. Energy Information Administration (2026); Energy Institute Statistical Review of World Energy (2025), con procesamiento de Our World in Data; Our World in Data (procesamiento reproducible de series energeticas)",International Energy Agency (via World Development Indicators - Banco Mundial EG.IMP.CONS.ZS),Ember - Global Electricity Review 2026 / Electricity Data Explorer (via Our World in Data); Our World in Data (procesamiento reproducible de series energeticas),REVISAR,Consumo de energia primaria en 2024 por ausencia de 2025 en serie OWID/EI/EIA. Sin componentes fosiles completos y comparables; ENE_FOS se mantiene ausente. Sin dependencia energetica WDI en 2023/2022. Electricidad baja en carbono en 2024 por ausencia de 2025. Entidad SEGUN_FUENTE; evitar duplicidad con Estado soberano. HKG/MAC solo con dato separado publicable y comparable.
MDG,450,Madagascar,AFR,16.416204,2024.0,501.4007954996173,,,,,,,2.43,1.03,42.38683127572016,2024.0,"U.S. Energy Information Administration (2026); Energy Institute Statistical Review of World Energy (2025), con procesamiento de Our World in Data; Our World in Data (procesamiento reproducible de series energeticas)",International Energy Agency (via World Development Indicators - Banco Mundial EG.IMP.CONS.ZS),Ember - Global Electricity Review 2026 / Electricity Data Explorer (via Our World in Data); Our World in Data (procesamiento reproducible de series energeticas),REVISAR,Consumo de energia primaria en 2024 por ausencia de 2025 en serie OWID/EI/EIA. Sin componentes fosiles completos y comparables; ENE_FOS se mantiene ausente. Sin dependencia energetica WDI en 2023/2022. Electricidad baja en carbono en 2024 por ausencia de 2025.
MWI,454,Malawi,AFR,8.644736,2024.0,389.1200073748258,,,,,,,1.83,1.75,95.62841530054644,2024.0,"U.S. Energy Information Administration (2026); Energy Institute Statistical Review of World Energy (2025), con procesamiento de Our World in Data; Our World in Data (procesamiento reproducible de series energeticas)",International Energy Agency (via World Development Indicators - Banco Mundial EG.IMP.CONS.ZS),Ember - Global Electricity Review 2026 / Electricity Data Explorer (via Our World in Data); Our World in Data (procesamiento reproducible de series energeticas),REVISAR,Consumo de energia primaria en 2024 por ausencia de 2025 en serie OWID/EI/EIA. Sin componentes fosiles completos y comparables; ENE_FOS se mantiene ausente. Sin dependencia energetica WDI en 2023/2022. Electricidad baja en carbono en 2024 por ausencia de 2025.
MYS,458,Malaysia,APC,1381.98,2024.0,38411.98444575624,-0.578726686040022,2022.0,100.57872668604003,1262.2469999999998,91.33612642729994,2024.0,201.09,41.53,20.652444179223234,2025.0,"U.S. Energy Information Administration (2026); Energy Institute Statistical Review of World Energy (2025), con procesamiento de Our World in Data; Our World in Data (procesamiento reproducible de series energeticas)",International Energy Agency (via World Development Indicators - Banco Mundial EG.IMP.CONS.ZS),Ember - Global Electricity Review 2026 / Electricity Data Explorer (via Our World in Data); Our World in Data (procesamiento reproducible de series energeticas),OK,Consumo de energia primaria en 2024 por ausencia de 2025 en serie OWID/EI/EIA. Dependencia energetica tomada en 2022 por ausencia de 2023.
MDV,462,Maldives,SAI,7.7545023,2024.0,14639.97564567286,,,,,,,0.85,0.06,7.0588235294117645,2024.0,"U.S. Energy Information Administration (2026); Energy Institute Statistical Review of World Energy (2025), con procesamiento de Our World in Data; Our World in Data (procesamiento reproducible de series energeticas)",International Energy Agency (via World Development Indicators - Banco Mundial EG.IMP.CONS.ZS),Ember - Global Electricity Review 2026 / Electricity Data Explorer (via Our World in Data); Our World in Data (procesamiento reproducible de series energeticas),REVISAR,Consumo de energia primaria en 2024 por ausencia de 2025 en serie OWID/EI/EIA. Sin componentes fosiles completos y comparables; ENE_FOS se mantiene ausente. Sin dependencia energetica WDI en 2023/2022. Electricidad baja en carbono en 2024 por ausencia de 2025.
MLI,466,Mali,AFR,29.032434,2024.0,1152.1347091702987,,,,,,,5.96,1.16,19.463087248322147,2024.0,"U.S. Energy Information Administration (2026); Energy Institute Statistical Review of World Energy (2025), con procesamiento de Our World in Data; Our World in Data (procesamiento reproducible de series energeticas)",International Energy Agency (via World Development Indicators - Banco Mundial EG.IMP.CONS.ZS),Ember - Global Electricity Review 2026 / Electricity Data Explorer (via Our World in Data); Our World in Data (procesamiento reproducible de series energeticas),REVISAR,Consumo de energia primaria en 2024 por ausencia de 2025 en serie OWID/EI/EIA. Sin componentes fosiles completos y comparables; ENE_FOS se mantiene ausente. Sin dependencia energetica WDI en 2023/2022. Electricidad baja en carbono en 2024 por ausencia de 2025.
MLT,470,Malta,EUR,36.32719,2024.0,66605.77624741936,403.5916298334,2023.0,-303.5916298334,,,,2.19,0.35,15.981735159817351,2025.0,"U.S. Energy Information Administration (2026); Energy Institute Statistical Review of World Energy (2025), con procesamiento de Our World in Data; Our World in Data (procesamiento reproducible de series energeticas)",International Energy Agency (via World Development Indicators - Banco Mundial EG.IMP.CONS.ZS),Ember - Global Electricity Review 2026 / Electricity Data Explorer (via Our World in Data); Our World in Data (procesamiento reproducible de series energeticas),REVISAR,Consumo de energia primaria en 2024 por ausencia de 2025 en serie OWID/EI/EIA. Sin componentes fosiles completos y comparables; ENE_FOS se mantiene ausente.
MTQ,474,Martinique,NAC,,,,,,,,,,,,,,"U.S. Energy Information Administration (2026); Energy Institute Statistical Review of World Energy (2025), con procesamiento de Our World in Data; Our World in Data (procesamiento reproducible de series energeticas)",International Energy Agency (via World Development Indicators - Banco Mundial EG.IMP.CONS.ZS),Ember - Global Electricity Review 2026 / Electricity Data Explorer (via Our World in Data); Our World in Data (procesamiento reproducible de series energeticas),REVISAR,Sin consumo de energia primaria 2025/2024 comparable en las series OWID/EI/EIA revisadas. Sin dependencia energetica WDI en 2023/2022. Sin dato de electricidad baja en carbono 2025/2024 comparable. Entidad SEGUN_FUENTE; evitar duplicidad con Estado soberano.
MRT,478,Mauritania,AFR,19.677635,2024.0,3702.2330083204893,,,,,,,2.07,0.47,22.705314009661837,2024.0,"U.S. Energy Information Administration (2026); Energy Institute Statistical Review of World Energy (2025), con procesamiento de Our World in Data; Our World in Data (procesamiento reproducible de series energeticas)",International Energy Agency (via World Development Indicators - Banco Mundial EG.IMP.CONS.ZS),Ember - Global Electricity Review 2026 / Electricity Data Explorer (via Our World in Data); Our World in Data (procesamiento reproducible de series energeticas),REVISAR,Consumo de energia primaria en 2024 por ausencia de 2025 en serie OWID/EI/EIA. Sin componentes fosiles completos y comparables; ENE_FOS se mantiene ausente. Sin dependencia energetica WDI en 2023/2022. Electricidad baja en carbono en 2024 por ausencia de 2025.
MUS,480,Mauritius,AFR,23.95824,2024.0,18890.265200644964,,,,,,,3.41,0.61,17.88856304985337,2024.0,"U.S. Energy Information Administration (2026); Energy Institute Statistical Review of World Energy (2025), con procesamiento de Our World in Data; Our World in Data (procesamiento reproducible de series energeticas)",International Energy Agency (via World Development Indicators - Banco Mundial EG.IMP.CONS.ZS),Ember - Global Electricity Review 2026 / Electricity Data Explorer (via Our World in Data); Our World in Data (procesamiento reproducible de series energeticas),REVISAR,Consumo de energia primaria en 2024 por ausencia de 2025 en serie OWID/EI/EIA. Sin componentes fosiles completos y comparables; ENE_FOS se mantiene ausente. Sin dependencia energetica WDI en 2023/2022. Electricidad baja en carbono en 2024 por ausencia de 2025.
MEX,484,Mexico,NAC,2310.191,2024.0,17508.490555863547,21.5843559520399,2023.0,78.4156440479601,2081.638,90.10674874934583,2024.0,356.97,92.59,25.93775387287447,2025.0,"U.S. Energy Information Administration (2026); Energy Institute Statistical Review of World Energy (2025), con procesamiento de Our World in Data; Our World in Data (procesamiento reproducible de series energeticas)",International Energy Agency (via World Development Indicators - Banco Mundial EG.IMP.CONS.ZS),Ember - Global Electricity Review 2026 / Electricity Data Explorer (via Our World in Data); Our World in Data (procesamiento reproducible de series energeticas),OK,Consumo de energia primaria en 2024 por ausencia de 2025 en serie OWID/EI/EIA.
MCO,492,Monaco,EUR,,,,,,,,,,,,,,"U.S. Energy Information Administration (2026); Energy Institute Statistical Review of World Energy (2025), con procesamiento de Our World in Data; Our World in Data (procesamiento reproducible de series energeticas)",International Energy Agency (via World Development Indicators - Banco Mundial EG.IMP.CONS.ZS),Ember - Global Electricity Review 2026 / Electricity Data Explorer (via Our World in Data); Our World in Data (procesamiento reproducible de series energeticas),REVISAR,Sin consumo de energia primaria 2025/2024 comparable en las series OWID/EI/EIA revisadas. Sin dependencia energetica WDI en 2023/2022. Sin dato de electricidad baja en carbono 2025/2024 comparable.
MNG,496,Mongolia,APC,76.83397,2024.0,21845.84900558614,-226.427034086937,2022.0,326.427034086937,,,,9.69,0.81,8.359133126934985,2025.0,"U.S. Energy Information Administration (2026); Energy Institute Statistical Review of World Energy (2025), con procesamiento de Our World in Data; Our World in Data (procesamiento reproducible de series energeticas)",International Energy Agency (via World Development Indicators - Banco Mundial EG.IMP.CONS.ZS),Ember - Global Electricity Review 2026 / Electricity Data Explorer (via Our World in Data); Our World in Data (procesamiento reproducible de series energeticas),REVISAR,Consumo de energia primaria en 2024 por ausencia de 2025 en serie OWID/EI/EIA. Sin componentes fosiles completos y comparables; ENE_FOS se mantiene ausente. Dependencia energetica tomada en 2022 por ausencia de 2023.
MDA,498,Moldavia,EUR,35.96192,2024.0,12002.894425560662,81.1658823176762,2023.0,18.834117682323793,,,,6.16,0.69,11.2012987012987,2025.0,"U.S. Energy Information Administration (2026); Energy Institute Statistical Review of World Energy (2025), con procesamiento de Our World in Data; Our World in Data (procesamiento reproducible de series energeticas)",International Energy Agency (via World Development Indicators - Banco Mundial EG.IMP.CONS.ZS),Ember - Global Electricity Review 2026 / Electricity Data Explorer (via Our World in Data); Our World in Data (procesamiento reproducible de series energeticas),REVISAR,Consumo de energia primaria en 2024 por ausencia de 2025 en serie OWID/EI/EIA. Sin componentes fosiles completos y comparables; ENE_FOS se mantiene ausente.
MNE,499,Montenegro,EUR,11.825044,2024.0,18688.925766124572,24.3527580071175,2023.0,75.6472419928825,,,,2.46,1.86,75.60975609756098,2025.0,"U.S. Energy Information Administration (2026); Energy Institute Statistical Review of World Energy (2025), con procesamiento de Our World in Data; Our World in Data (procesamiento reproducible de series energeticas)",International Energy Agency (via World Development Indicators - Banco Mundial EG.IMP.CONS.ZS),Ember - Global Electricity Review 2026 / Electricity Data Explorer (via Our World in Data); Our World in Data (procesamiento reproducible de series energeticas),REVISAR,Consumo de energia primaria en 2024 por ausencia de 2025 en serie OWID/EI/EIA. Sin componentes fosiles completos y comparables; ENE_FOS se mantiene ausente.
MSR,500,Montserrat,NAC,0.18764912,2024.0,42812.940908053846,,,,,,,0.01,0.0,0.0,2024.0,"U.S. Energy Information Administration (2026); Energy Institute Statistical Review of World Energy (2025), con procesamiento de Our World in Data; Our World in Data (procesamiento reproducible de series energeticas)",International Energy Agency (via World Development Indicators - Banco Mundial EG.IMP.CONS.ZS),Ember - Global Electricity Review 2026 / Electricity Data Explorer (via Our World in Data); Our World in Data (procesamiento reproducible de series energeticas),REVISAR,Consumo de energia primaria en 2024 por ausencia de 2025 en serie OWID/EI/EIA. Sin componentes fosiles completos y comparables; ENE_FOS se mantiene ausente. Sin dependencia energetica WDI en 2023/2022. Electricidad baja en carbono en 2024 por ausencia de 2025. Entidad SEGUN_FUENTE; evitar duplicidad con Estado soberano.
MAR,504,Morocco,AFR,276.349,2024.0,7190.825768952767,93.6448805073888,2023.0,6.355119492611195,251.048,90.84454801718118,2024.0,44.5,10.66,23.95505617977528,2025.0,"U.S. Energy Information Administration (2026); Energy Institute Statistical Review of World Energy (2025), con procesamiento de Our World in Data; Our World in Data (procesamiento reproducible de series energeticas)",International Energy Agency (via World Development Indicators - Banco Mundial EG.IMP.CONS.ZS),Ember - Global Electricity Review 2026 / Electricity Data Explorer (via Our World in Data); Our World in Data (procesamiento reproducible de series energeticas),OK,Consumo de energia primaria en 2024 por ausencia de 2025 en serie OWID/EI/EIA.
MOZ,508,Mozambique,AFR,61.014595,2024.0,1712.3704070231704,-106.352427255745,2022.0,206.352427255745,,,,19.79,16.51,83.42597271349167,2024.0,"U.S. Energy Information Administration (2026); Energy Institute Statistical Review of World Energy (2025), con procesamiento de Our World in Data; Our World in Data (procesamiento reproducible de series energeticas)",International Energy Agency (via World Development Indicators - Banco Mundial EG.IMP.CONS.ZS),Ember - Global Electricity Review 2026 / Electricity Data Explorer (via Our World in Data); Our World in Data (procesamiento reproducible de series energeticas),REVISAR,Consumo de energia primaria en 2024 por ausencia de 2025 en serie OWID/EI/EIA. Sin componentes fosiles completos y comparables; ENE_FOS se mantiene ausente. Dependencia energetica tomada en 2022 por ausencia de 2023. Electricidad baja en carbono en 2024 por ausencia de 2025.
OMN,512,Oman,MDE,446.875,2024.0,81328.43018066877,-213.629416330893,2022.0,313.62941633089304,441.589,98.81711888111889,2024.0,52.84,2.4,4.542013626040878,2025.0,"U.S. Energy Information Administration (2026); Energy Institute Statistical Review of World Energy (2025), con procesamiento de Our World in Data; Our World in Data (procesamiento reproducible de series energeticas)",International Energy Agency (via World Development Indicators - Banco Mundial EG.IMP.CONS.ZS),Ember - Global Electricity Review 2026 / Electricity Data Explorer (via Our World in Data); Our World in Data (procesamiento reproducible de series energeticas),OK,Consumo de energia primaria en 2024 por ausencia de 2025 en serie OWID/EI/EIA. Dependencia energetica tomada en 2022 por ausencia de 2023.
NAM,516,Namibia,AFR,18.96152,2024.0,6130.817140726864,60.4998985401718,2022.0,39.5001014598282,,,,1.64,1.6,97.56097560975611,2024.0,"U.S. Energy Information Administration (2026); Energy Institute Statistical Review of World Energy (2025), con procesamiento de Our World in Data; Our World in Data (procesamiento reproducible de series energeticas)",International Energy Agency (via World Development Indicators - Banco Mundial EG.IMP.CONS.ZS),Ember - Global Electricity Review 2026 / Electricity Data Explorer (via Our World in Data); Our World in Data (procesamiento reproducible de series energeticas),REVISAR,Consumo de energia primaria en 2024 por ausencia de 2025 en serie OWID/EI/EIA. Sin componentes fosiles completos y comparables; ENE_FOS se mantiene ausente. Dependencia energetica tomada en 2022 por ausencia de 2023. Electricidad baja en carbono en 2024 por ausencia de 2025.
NRU,520,Nauru,APC,0.3833914,2024.0,31811.43378692333,,,,,,,0.05,0.01,20.0,2024.0,"U.S. Energy Information Administration (2026); Energy Institute Statistical Review of World Energy (2025), con procesamiento de Our World in Data; Our World in Data (procesamiento reproducible de series energeticas)",International Energy Agency (via World Development Indicators - Banco Mundial EG.IMP.CONS.ZS),Ember - Global Electricity Review 2026 / Electricity Data Explorer (via Our World in Data); Our World in Data (procesamiento reproducible de series energeticas),REVISAR,Consumo de energia primaria en 2024 por ausencia de 2025 en serie OWID/EI/EIA. Sin componentes fosiles completos y comparables; ENE_FOS se mantiene ausente. Sin dependencia energetica WDI en 2023/2022. Electricidad baja en carbono en 2024 por ausencia de 2025.
NPL,524,Nepal,SAI,52.66566,2024.0,1778.1567499895334,27.4137248718471,2022.0,72.58627512815289,,,,11.13,11.13,100.0,2024.0,"U.S. Energy Information Administration (2026); Energy Institute Statistical Review of World Energy (2025), con procesamiento de Our World in Data; Our World in Data (procesamiento reproducible de series energeticas)",International Energy Agency (via World Development Indicators - Banco Mundial EG.IMP.CONS.ZS),Ember - Global Electricity Review 2026 / Electricity Data Explorer (via Our World in Data); Our World in Data (procesamiento reproducible de series energeticas),REVISAR,Consumo de energia primaria en 2024 por ausencia de 2025 en serie OWID/EI/EIA. Sin componentes fosiles completos y comparables; ENE_FOS se mantiene ausente. Dependencia energetica tomada en 2022 por ausencia de 2023. Electricidad baja en carbono en 2024 por ausencia de 2025.
NLD,528,Netherlands,EUR,926.465,2024.0,50497.29863312029,87.0173748946605,2023.0,12.982625105339494,742.6100000000001,80.15521363462193,2024.0,134.96,73.09,54.15678719620628,2025.0,"U.S. Energy Information Administration (2026); Energy Institute Statistical Review of World Energy (2025), con procesamiento de Our World in Data; Our World in Data (procesamiento reproducible de series energeticas)",International Energy Agency (via World Development Indicators - Banco Mundial EG.IMP.CONS.ZS),Ember - Global Electricity Review 2026 / Electricity Data Explorer (via Our World in Data); Our World in Data (procesamiento reproducible de series energeticas),OK,Consumo de energia primaria en 2024 por ausencia de 2025 en serie OWID/EI/EIA.
CUW,531,Curaçao,NAC,,,,,,,,,,,,,,"U.S. Energy Information Administration (2026); Energy Institute Statistical Review of World Energy (2025), con procesamiento de Our World in Data; Our World in Data (procesamiento reproducible de series energeticas)",International Energy Agency (via World Development Indicators - Banco Mundial EG.IMP.CONS.ZS),Ember - Global Electricity Review 2026 / Electricity Data Explorer (via Our World in Data); Our World in Data (procesamiento reproducible de series energeticas),REVISAR,Sin consumo de energia primaria 2025/2024 comparable en las series OWID/EI/EIA revisadas. Sin dependencia energetica WDI en 2023/2022. Sin dato de electricidad baja en carbono 2025/2024 comparable. Entidad SEGUN_FUENTE; evitar duplicidad con Estado soberano.
ABW,533,Aruba,NAC,4.925558,2024.0,45540.815666115,,,,,,,1.0,0.17,17.0,2024.0,"U.S. Energy Information Administration (2026); Energy Institute Statistical Review of World Energy (2025), con procesamiento de Our World in Data; Our World in Data (procesamiento reproducible de series energeticas)",International Energy Agency (via World Development Indicators - Banco Mundial EG.IMP.CONS.ZS),Ember - Global Electricity Review 2026 / Electricity Data Explorer (via Our World in Data); Our World in Data (procesamiento reproducible de series energeticas),REVISAR,Consumo de energia primaria en 2024 por ausencia de 2025 en serie OWID/EI/EIA. Sin componentes fosiles completos y comparables; ENE_FOS se mantiene ausente. Sin dependencia energetica WDI en 2023/2022. Electricidad baja en carbono en 2024 por ausencia de 2025. Entidad SEGUN_FUENTE; evitar duplicidad con Estado soberano.
SXM,534,Sint Maarten (Dutch part),NAC,,,,,,,,,,,,,,"U.S. Energy Information Administration (2026); Energy Institute Statistical Review of World Energy (2025), con procesamiento de Our World in Data; Our World in Data (procesamiento reproducible de series energeticas)",International Energy Agency (via World Development Indicators - Banco Mundial EG.IMP.CONS.ZS),Ember - Global Electricity Review 2026 / Electricity Data Explorer (via Our World in Data); Our World in Data (procesamiento reproducible de series energeticas),REVISAR,Sin consumo de energia primaria 2025/2024 comparable en las series OWID/EI/EIA revisadas. Sin dependencia energetica WDI en 2023/2022. Sin dato de electricidad baja en carbono 2025/2024 comparable. Entidad SEGUN_FUENTE; evitar duplicidad con Estado soberano.
BES,535,"Bonaire, Sint Eustatius and Saba",NAC,,,,,,,,,,,,,,"U.S. Energy Information Administration (2026); Energy Institute Statistical Review of World Energy (2025), con procesamiento de Our World in Data; Our World in Data (procesamiento reproducible de series energeticas)",International Energy Agency (via World Development Indicators - Banco Mundial EG.IMP.CONS.ZS),Ember - Global Electricity Review 2026 / Electricity Data Explorer (via Our World in Data); Our World in Data (procesamiento reproducible de series energeticas),REVISAR,Sin consumo de energia primaria 2025/2024 comparable en las series OWID/EI/EIA revisadas. Sin dependencia energetica WDI en 2023/2022. Sin dato de electricidad baja en carbono 2025/2024 comparable. Entidad SEGUN_FUENTE; evitar duplicidad con Estado soberano.
NCL,540,New Caledonia,APC,14.049532,2024.0,47571.67139577563,,,,,,,3.12,0.84,26.923076923076923,2024.0,"U.S. Energy Information Administration (2026); Energy Institute Statistical Review of World Energy (2025), con procesamiento de Our World in Data; Our World in Data (procesamiento reproducible de series energeticas)",International Energy Agency (via World Development Indicators - Banco Mundial EG.IMP.CONS.ZS),Ember - Global Electricity Review 2026 / Electricity Data Explorer (via Our World in Data); Our World in Data (procesamiento reproducible de series energeticas),REVISAR,Consumo de energia primaria en 2024 por ausencia de 2025 en serie OWID/EI/EIA. Sin componentes fosiles completos y comparables; ENE_FOS se mantiene ausente. Sin dependencia energetica WDI en 2023/2022. Electricidad baja en carbono en 2024 por ausencia de 2025. Entidad SEGUN_FUENTE; evitar duplicidad con Estado soberano.
VUT,548,Vanuatu,APC,1.3517419,2024.0,4032.883525270004,,,,,,,,,,,"U.S. Energy Information Administration (2026); Energy Institute Statistical Review of World Energy (2025), con procesamiento de Our World in Data; Our World in Data (procesamiento reproducible de series energeticas)",International Energy Agency (via World Development Indicators - Banco Mundial EG.IMP.CONS.ZS),Ember - Global Electricity Review 2026 / Electricity Data Explorer (via Our World in Data); Our World in Data (procesamiento reproducible de series energeticas),REVISAR,Consumo de energia primaria en 2024 por ausencia de 2025 en serie OWID/EI/EIA. Sin componentes fosiles completos y comparables; ENE_FOS se mantiene ausente. Sin dependencia energetica WDI en 2023/2022. Sin dato de electricidad baja en carbono 2025/2024 comparable.
NZL,554,New Zealand,APC,233.124,2024.0,44388.53237220761,31.6329616305902,2023.0,68.3670383694098,134.787,57.81772790446287,2024.0,43.34,38.37,88.53253345639132,2025.0,"U.S. Energy Information Administration (2026); Energy Institute Statistical Review of World Energy (2025), con procesamiento de Our World in Data; Our World in Data (procesamiento reproducible de series energeticas)",International Energy Agency (via World Development Indicators - Banco Mundial EG.IMP.CONS.ZS),Ember - Global Electricity Review 2026 / Electricity Data Explorer (via Our World in Data); Our World in Data (procesamiento reproducible de series energeticas),OK,Consumo de energia primaria en 2024 por ausencia de 2025 en serie OWID/EI/EIA.
NIC,558,Nicaragua,NAC,26.438637,2024.0,3772.901974981973,46.4910182435548,2022.0,53.5089817564452,,,,4.52,2.82,62.38938053097345,2024.0,"U.S. Energy Information Administration (2026); Energy Institute Statistical Review of World Energy (2025), con procesamiento de Our World in Data; Our World in Data (procesamiento reproducible de series energeticas)",International Energy Agency (via World Development Indicators - Banco Mundial EG.IMP.CONS.ZS),Ember - Global Electricity Review 2026 / Electricity Data Explorer (via Our World in Data); Our World in Data (procesamiento reproducible de series energeticas),REVISAR,Consumo de energia primaria en 2024 por ausencia de 2025 en serie OWID/EI/EIA. Sin componentes fosiles completos y comparables; ENE_FOS se mantiene ausente. Dependencia energetica tomada en 2022 por ausencia de 2023. Electricidad baja en carbono en 2024 por ausencia de 2025.
NER,562,Niger,AFR,13.817145,2024.0,494.9218655274473,5.40557852442787,2022.0,94.59442147557213,,,,0.95,0.03,3.1578947368421053,2024.0,"U.S. Energy Information Administration (2026); Energy Institute Statistical Review of World Energy (2025), con procesamiento de Our World in Data; Our World in Data (procesamiento reproducible de series energeticas)",International Energy Agency (via World Development Indicators - Banco Mundial EG.IMP.CONS.ZS),Ember - Global Electricity Review 2026 / Electricity Data Explorer (via Our World in Data); Our World in Data (procesamiento reproducible de series energeticas),REVISAR,Consumo de energia primaria en 2024 por ausencia de 2025 en serie OWID/EI/EIA. Sin componentes fosiles completos y comparables; ENE_FOS se mantiene ausente. Dependencia energetica tomada en 2022 por ausencia de 2023. Electricidad baja en carbono en 2024 por ausencia de 2025.
NGA,566,Nigeria,AFR,514.9063,2024.0,2167.772892323655,-66.2881011856041,2022.0,166.2881011856041,,,,41.54,13.01,31.31921039961483,2025.0,"U.S. Energy Information Administration (2026); Energy Institute Statistical Review of World Energy (2025), con procesamiento de Our World in Data; Our World in Data (procesamiento reproducible de series energeticas)",International Energy Agency (via World Development Indicators - Banco Mundial EG.IMP.CONS.ZS),Ember - Global Electricity Review 2026 / Electricity Data Explorer (via Our World in Data); Our World in Data (procesamiento reproducible de series energeticas),REVISAR,Consumo de energia primaria en 2024 por ausencia de 2025 en serie OWID/EI/EIA. Sin componentes fosiles completos y comparables; ENE_FOS se mantiene ausente. Dependencia energetica tomada en 2022 por ausencia de 2023.
NIU,570,Niue,APC,0.034368444,2024.0,18658.221498371335,,,,,,,,,,,"U.S. Energy Information Administration (2026); Energy Institute Statistical Review of World Energy (2025), con procesamiento de Our World in Data; Our World in Data (procesamiento reproducible de series energeticas)",International Energy Agency (via World Development Indicators - Banco Mundial EG.IMP.CONS.ZS),Ember - Global Electricity Review 2026 / Electricity Data Explorer (via Our World in Data); Our World in Data (procesamiento reproducible de series energeticas),REVISAR,Consumo de energia primaria en 2024 por ausencia de 2025 en serie OWID/EI/EIA. Sin componentes fosiles completos y comparables; ENE_FOS se mantiene ausente. Sin dependencia energetica WDI en 2023/2022. Sin dato de electricidad baja en carbono 2025/2024 comparable. Entidad SEGUN_FUENTE; evitar duplicidad con Estado soberano.
NFK,574,Norfolk Island,APC,,,,,,,,,,,,,,"U.S. Energy Information Administration (2026); Energy Institute Statistical Review of World Energy (2025), con procesamiento de Our World in Data; Our World in Data (procesamiento reproducible de series energeticas)",International Energy Agency (via World Development Indicators - Banco Mundial EG.IMP.CONS.ZS),Ember - Global Electricity Review 2026 / Electricity Data Explorer (via Our World in Data); Our World in Data (procesamiento reproducible de series energeticas),REVISAR,Sin consumo de energia primaria 2025/2024 comparable en las series OWID/EI/EIA revisadas. Sin dependencia energetica WDI en 2023/2022. Sin dato de electricidad baja en carbono 2025/2024 comparable. Entidad SEGUN_FUENTE; evitar duplicidad con Estado soberano.
NOR,578,Norway,EUR,555.626,2024.0,98811.78871201054,-703.959305781578,2023.0,803.959305781578,150.112,27.01673427809354,2024.0,160.81,159.2,98.99881848143771,2025.0,"U.S. Energy Information Administration (2026); Energy Institute Statistical Review of World Energy (2025), con procesamiento de Our World in Data; Our World in Data (procesamiento reproducible de series energeticas)",International Energy Agency (via World Development Indicators - Banco Mundial EG.IMP.CONS.ZS),Ember - Global Electricity Review 2026 / Electricity Data Explorer (via Our World in Data); Our World in Data (procesamiento reproducible de series energeticas),OK,Consumo de energia primaria en 2024 por ausencia de 2025 en serie OWID/EI/EIA.
MNP,580,Northern Mariana Islands,APC,,,,,,,,,,,,,,"U.S. Energy Information Administration (2026); Energy Institute Statistical Review of World Energy (2025), con procesamiento de Our World in Data; Our World in Data (procesamiento reproducible de series energeticas)",International Energy Agency (via World Development Indicators - Banco Mundial EG.IMP.CONS.ZS),Ember - Global Electricity Review 2026 / Electricity Data Explorer (via Our World in Data); Our World in Data (procesamiento reproducible de series energeticas),REVISAR,Sin consumo de energia primaria 2025/2024 comparable en las series OWID/EI/EIA revisadas. Sin dependencia energetica WDI en 2023/2022. Sin dato de electricidad baja en carbono 2025/2024 comparable. Entidad SEGUN_FUENTE; evitar duplicidad con Estado soberano.
FSM,583,"Micronesia, Federated States of",APC,0.70214933,2024.0,6175.564477827226,,,,,,,,,,,"U.S. Energy Information Administration (2026); Energy Institute Statistical Review of World Energy (2025), con procesamiento de Our World in Data; Our World in Data (procesamiento reproducible de series energeticas)",International Energy Agency (via World Development Indicators - Banco Mundial EG.IMP.CONS.ZS),Ember - Global Electricity Review 2026 / Electricity Data Explorer (via Our World in Data); Our World in Data (procesamiento reproducible de series energeticas),REVISAR,Consumo de energia primaria en 2024 por ausencia de 2025 en serie OWID/EI/EIA. Sin componentes fosiles completos y comparables; ENE_FOS se mantiene ausente. Sin dependencia energetica WDI en 2023/2022. Sin dato de electricidad baja en carbono 2025/2024 comparable.
MHL,584,Marshall Islands,APC,,,,,,,,,,,,,,"U.S. Energy Information Administration (2026); Energy Institute Statistical Review of World Energy (2025), con procesamiento de Our World in Data; Our World in Data (procesamiento reproducible de series energeticas)",International Energy Agency (via World Development Indicators - Banco Mundial EG.IMP.CONS.ZS),Ember - Global Electricity Review 2026 / Electricity Data Explorer (via Our World in Data); Our World in Data (procesamiento reproducible de series energeticas),REVISAR,Sin consumo de energia primaria 2025/2024 comparable en las series OWID/EI/EIA revisadas. Sin dependencia energetica WDI en 2023/2022. Sin dato de electricidad baja en carbono 2025/2024 comparable.
PLW,585,Palau,APC,,,,,,,,,,,,,,"U.S. Energy Information Administration (2026); Energy Institute Statistical Review of World Energy (2025), con procesamiento de Our World in Data; Our World in Data (procesamiento reproducible de series energeticas)",International Energy Agency (via World Development Indicators - Banco Mundial EG.IMP.CONS.ZS),Ember - Global Electricity Review 2026 / Electricity Data Explorer (via Our World in Data); Our World in Data (procesamiento reproducible de series energeticas),REVISAR,Sin consumo de energia primaria 2025/2024 comparable en las series OWID/EI/EIA revisadas. Sin dependencia energetica WDI en 2023/2022. Sin dato de electricidad baja en carbono 2025/2024 comparable.
PAK,586,Pakistan,SAI,888.373,2024.0,3480.818633179996,39.7925509388676,2022.0,60.2074490611324,714.966,80.48038380274953,2024.0,195.03,107.08,54.904373686099575,2025.0,"U.S. Energy Information Administration (2026); Energy Institute Statistical Review of World Energy (2025), con procesamiento de Our World in Data; Our World in Data (procesamiento reproducible de series energeticas)",International Energy Agency (via World Development Indicators - Banco Mundial EG.IMP.CONS.ZS),Ember - Global Electricity Review 2026 / Electricity Data Explorer (via Our World in Data); Our World in Data (procesamiento reproducible de series energeticas),OK,Consumo de energia primaria en 2024 por ausencia de 2025 en serie OWID/EI/EIA. Dependencia energetica tomada en 2022 por ausencia de 2023.
PAN,591,Panama,NAC,104.35548,2024.0,22828.932659607097,171.186492615064,2022.0,-71.186492615064,,,,13.43,9.13,67.98212956068504,2024.0,"U.S. Energy Information Administration (2026); Energy Institute Statistical Review of World Energy (2025), con procesamiento de Our World in Data; Our World in Data (procesamiento reproducible de series energeticas)",International Energy Agency (via World Development Indicators - Banco Mundial EG.IMP.CONS.ZS),Ember - Global Electricity Review 2026 / Electricity Data Explorer (via Our World in Data); Our World in Data (procesamiento reproducible de series energeticas),REVISAR,Consumo de energia primaria en 2024 por ausencia de 2025 en serie OWID/EI/EIA. Sin componentes fosiles completos y comparables; ENE_FOS se mantiene ausente. Dependencia energetica tomada en 2022 por ausencia de 2023. Electricidad baja en carbono en 2024 por ausencia de 2025.
PNG,598,Papua New Guinea,APC,32.74736,2024.0,3042.637241667403,,,,,,,4.73,1.12,23.678646934460886,2024.0,"U.S. Energy Information Administration (2026); Energy Institute Statistical Review of World Energy (2025), con procesamiento de Our World in Data; Our World in Data (procesamiento reproducible de series energeticas)",International Energy Agency (via World Development Indicators - Banco Mundial EG.IMP.CONS.ZS),Ember - Global Electricity Review 2026 / Electricity Data Explorer (via Our World in Data); Our World in Data (procesamiento reproducible de series energeticas),REVISAR,Consumo de energia primaria en 2024 por ausencia de 2025 en serie OWID/EI/EIA. Sin componentes fosiles completos y comparables; ENE_FOS se mantiene ausente. Sin dependencia energetica WDI en 2023/2022. Electricidad baja en carbono en 2024 por ausencia de 2025.
PRY,600,Paraguay,SAM,54.79534,2024.0,7813.307108047692,-4.69402900256069,2023.0,104.69402900256068,,,,45.35,45.35,100.0,2025.0,"U.S. Energy Information Administration (2026); Energy Institute Statistical Review of World Energy (2025), con procesamiento de Our World in Data; Our World in Data (procesamiento reproducible de series energeticas)",International Energy Agency (via World Development Indicators - Banco Mundial EG.IMP.CONS.ZS),Ember - Global Electricity Review 2026 / Electricity Data Explorer (via Our World in Data); Our World in Data (procesamiento reproducible de series energeticas),REVISAR,Consumo de energia primaria en 2024 por ausencia de 2025 en serie OWID/EI/EIA. Sin componentes fosiles completos y comparables; ENE_FOS se mantiene ausente.
PER,604,Peru,SAM,374.393,2024.0,10827.90701118063,12.185965103062,2022.0,87.814034896938,270.48,72.24494047698542,2024.0,60.44,38.47,63.649900727994705,2025.0,"U.S. Energy Information Administration (2026); Energy Institute Statistical Review of World Energy (2025), con procesamiento de Our World in Data; Our World in Data (procesamiento reproducible de series energeticas)",International Energy Agency (via World Development Indicators - Banco Mundial EG.IMP.CONS.ZS),Ember - Global Electricity Review 2026 / Electricity Data Explorer (via Our World in Data); Our World in Data (procesamiento reproducible de series energeticas),OK,Consumo de energia primaria en 2024 por ausencia de 2025 en serie OWID/EI/EIA. Dependencia energetica tomada en 2022 por ausencia de 2023.
PHL,608,Philippines,APC,652.563,2024.0,5587.635811395382,54.4250767667774,2022.0,45.5749232332226,572.516,87.73344489344323,2024.0,123.12,28.7,23.31059129304743,2025.0,"U.S. Energy Information Administration (2026); Energy Institute Statistical Review of World Energy (2025), con procesamiento de Our World in Data; Our World in Data (procesamiento reproducible de series energeticas)",International Energy Agency (via World Development Indicators - Banco Mundial EG.IMP.CONS.ZS),Ember - Global Electricity Review 2026 / Electricity Data Explorer (via Our World in Data); Our World in Data (procesamiento reproducible de series energeticas),OK,Consumo de energia primaria en 2024 por ausencia de 2025 en serie OWID/EI/EIA. Dependencia energetica tomada en 2022 por ausencia de 2023.
PCN,612,Pitcairn,APC,,,,,,,,,,,,,,"U.S. Energy Information Administration (2026); Energy Institute Statistical Review of World Energy (2025), con procesamiento de Our World in Data; Our World in Data (procesamiento reproducible de series energeticas)",International Energy Agency (via World Development Indicators - Banco Mundial EG.IMP.CONS.ZS),Ember - Global Electricity Review 2026 / Electricity Data Explorer (via Our World in Data); Our World in Data (procesamiento reproducible de series energeticas),REVISAR,Sin consumo de energia primaria 2025/2024 comparable en las series OWID/EI/EIA revisadas. Sin dependencia energetica WDI en 2023/2022. Sin dato de electricidad baja en carbono 2025/2024 comparable. Entidad SEGUN_FUENTE; evitar duplicidad con Estado soberano.
POL,616,Poland,EUR,1125.569,2024.0,29510.80379224273,48.8193550583318,2023.0,51.1806449416682,972.705,86.41895787819317,2024.0,173.26,54.59,31.50756089114626,2025.0,"U.S. Energy Information Administration (2026); Energy Institute Statistical Review of World Energy (2025), con procesamiento de Our World in Data; Our World in Data (procesamiento reproducible de series energeticas)",International Energy Agency (via World Development Indicators - Banco Mundial EG.IMP.CONS.ZS),Ember - Global Electricity Review 2026 / Electricity Data Explorer (via Our World in Data); Our World in Data (procesamiento reproducible de series energeticas),OK,Consumo de energia primaria en 2024 por ausencia de 2025 en serie OWID/EI/EIA.
PRT,620,Portugal,EUR,270.242,2024.0,25955.28106439684,77.2448975861994,2023.0,22.7551024138006,159.50599999999997,59.023393846996385,2024.0,51.13,41.39,80.95051828672013,2025.0,"U.S. Energy Information Administration (2026); Energy Institute Statistical Review of World Energy (2025), con procesamiento de Our World in Data; Our World in Data (procesamiento reproducible de series energeticas)",International Energy Agency (via World Development Indicators - Banco Mundial EG.IMP.CONS.ZS),Ember - Global Electricity Review 2026 / Electricity Data Explorer (via Our World in Data); Our World in Data (procesamiento reproducible de series energeticas),OK,Consumo de energia primaria en 2024 por ausencia de 2025 en serie OWID/EI/EIA.
GNB,624,Guinea-Bissau,AFR,1.5245545,2024.0,677.7240576993946,,,,,,,0.08,0.0,0.0,2024.0,"U.S. Energy Information Administration (2026); Energy Institute Statistical Review of World Energy (2025), con procesamiento de Our World in Data; Our World in Data (procesamiento reproducible de series energeticas)",International Energy Agency (via World Development Indicators - Banco Mundial EG.IMP.CONS.ZS),Ember - Global Electricity Review 2026 / Electricity Data Explorer (via Our World in Data); Our World in Data (procesamiento reproducible de series energeticas),REVISAR,Consumo de energia primaria en 2024 por ausencia de 2025 en serie OWID/EI/EIA. Sin componentes fosiles completos y comparables; ENE_FOS se mantiene ausente. Sin dependencia energetica WDI en 2023/2022. Electricidad baja en carbono en 2024 por ausencia de 2025.
TLS,626,Timor Oriental,APC,2.7770963,2024.0,1957.7420832980854,,,,,,,0.51,0.0,0.0,2024.0,"U.S. Energy Information Administration (2026); Energy Institute Statistical Review of World Energy (2025), con procesamiento de Our World in Data; Our World in Data (procesamiento reproducible de series energeticas)",International Energy Agency (via World Development Indicators - Banco Mundial EG.IMP.CONS.ZS),Ember - Global Electricity Review 2026 / Electricity Data Explorer (via Our World in Data); Our World in Data (procesamiento reproducible de series energeticas),REVISAR,Consumo de energia primaria en 2024 por ausencia de 2025 en serie OWID/EI/EIA. Sin componentes fosiles completos y comparables; ENE_FOS se mantiene ausente. Sin dependencia energetica WDI en 2023/2022. Electricidad baja en carbono en 2024 por ausencia de 2025.
PRI,630,Puerto Rico,NAC,89.29642,2024.0,27600.74676458679,,,,,,,20.27,1.29,6.3640848544647275,2025.0,"U.S. Energy Information Administration (2026); Energy Institute Statistical Review of World Energy (2025), con procesamiento de Our World in Data; Our World in Data (procesamiento reproducible de series energeticas)",International Energy Agency (via World Development Indicators - Banco Mundial EG.IMP.CONS.ZS),Ember - Global Electricity Review 2026 / Electricity Data Explorer (via Our World in Data); Our World in Data (procesamiento reproducible de series energeticas),REVISAR,Consumo de energia primaria en 2024 por ausencia de 2025 en serie OWID/EI/EIA. Sin componentes fosiles completos y comparables; ENE_FOS se mantiene ausente. Sin dependencia energetica WDI en 2023/2022. Entidad SEGUN_FUENTE; evitar duplicidad con Estado soberano.
QAT,634,Qatar,MDE,653.95,2024.0,209875.76266307133,-396.072574936239,2022.0,496.072574936239,648.343,99.1425949996177,2024.0,56.18,2.28,4.058383766464934,2025.0,"U.S. Energy Information Administration (2026); Energy Institute Statistical Review of World Energy (2025), con procesamiento de Our World in Data; Our World in Data (procesamiento reproducible de series energeticas)",International Energy Agency (via World Development Indicators - Banco Mundial EG.IMP.CONS.ZS),Ember - Global Electricity Review 2026 / Electricity Data Explorer (via Our World in Data); Our World in Data (procesamiento reproducible de series energeticas),OK,Consumo de energia primaria en 2024 por ausencia de 2025 en serie OWID/EI/EIA. Dependencia energetica tomada en 2022 por ausencia de 2023.
REU,638,Réunion,AFR,,,,,,,,,,,,,,"U.S. Energy Information Administration (2026); Energy Institute Statistical Review of World Energy (2025), con procesamiento de Our World in Data; Our World in Data (procesamiento reproducible de series energeticas)",International Energy Agency (via World Development Indicators - Banco Mundial EG.IMP.CONS.ZS),Ember - Global Electricity Review 2026 / Electricity Data Explorer (via Our World in Data); Our World in Data (procesamiento reproducible de series energeticas),REVISAR,Sin consumo de energia primaria 2025/2024 comparable en las series OWID/EI/EIA revisadas. Sin dependencia energetica WDI en 2023/2022. Sin dato de electricidad baja en carbono 2025/2024 comparable. Entidad SEGUN_FUENTE; evitar duplicidad con Estado soberano.
ROU,642,Romania,EUR,355.471,2024.0,18799.380495334015,28.0603457724141,2023.0,71.9396542275859,257.511,72.44219640983371,2024.0,49.81,33.63,67.51656293916885,2025.0,"U.S. Energy Information Administration (2026); Energy Institute Statistical Review of World Energy (2025), con procesamiento de Our World in Data; Our World in Data (procesamiento reproducible de series energeticas)",International Energy Agency (via World Development Indicators - Banco Mundial EG.IMP.CONS.ZS),Ember - Global Electricity Review 2026 / Electricity Data Explorer (via Our World in Data); Our World in Data (procesamiento reproducible de series energeticas),OK,Consumo de energia primaria en 2024 por ausencia de 2025 en serie OWID/EI/EIA.
RUS,643,Rusia,RUE,9049.149,2024.0,62842.45021019235,-75.1375358449974,2022.0,175.1375358449974,7940.717,87.75098078283384,2024.0,1192.79,425.63,35.68356542224532,2025.0,"U.S. Energy Information Administration (2026); Energy Institute Statistical Review of World Energy (2025), con procesamiento de Our World in Data; Our World in Data (procesamiento reproducible de series energeticas)",International Energy Agency (via World Development Indicators - Banco Mundial EG.IMP.CONS.ZS),Ember - Global Electricity Review 2026 / Electricity Data Explorer (via Our World in Data); Our World in Data (procesamiento reproducible de series energeticas),OK,Consumo de energia primaria en 2024 por ausencia de 2025 en serie OWID/EI/EIA. Dependencia energetica tomada en 2022 por ausencia de 2023. RUS asignado exclusivamente a RUE.
RWA,646,Rwanda,AFR,7.862991,2024.0,539.6940522188054,10.5793226381462,2022.0,89.4206773618538,,,,1.13,0.56,49.55752212389382,2024.0,"U.S. Energy Information Administration (2026); Energy Institute Statistical Review of World Energy (2025), con procesamiento de Our World in Data; Our World in Data (procesamiento reproducible de series energeticas)",International Energy Agency (via World Development Indicators - Banco Mundial EG.IMP.CONS.ZS),Ember - Global Electricity Review 2026 / Electricity Data Explorer (via Our World in Data); Our World in Data (procesamiento reproducible de series energeticas),REVISAR,Consumo de energia primaria en 2024 por ausencia de 2025 en serie OWID/EI/EIA. Sin componentes fosiles completos y comparables; ENE_FOS se mantiene ausente. Dependencia energetica tomada en 2022 por ausencia de 2023. Electricidad baja en carbono en 2024 por ausencia de 2025.
BLM,652,Saint Barthélemy,NAC,,,,,,,,,,,,,,"U.S. Energy Information Administration (2026); Energy Institute Statistical Review of World Energy (2025), con procesamiento de Our World in Data; Our World in Data (procesamiento reproducible de series energeticas)",International Energy Agency (via World Development Indicators - Banco Mundial EG.IMP.CONS.ZS),Ember - Global Electricity Review 2026 / Electricity Data Explorer (via Our World in Data); Our World in Data (procesamiento reproducible de series energeticas),REVISAR,Sin consumo de energia primaria 2025/2024 comparable en las series OWID/EI/EIA revisadas. Sin dependencia energetica WDI en 2023/2022. Sin dato de electricidad baja en carbono 2025/2024 comparable. Entidad SEGUN_FUENTE; evitar duplicidad con Estado soberano.
SHN,654,"Saint Helena, Ascension and Tristan da Cunha",AFR,0.044285968,2024.0,8483.901915708811,,,,,,,,,,,"U.S. Energy Information Administration (2026); Energy Institute Statistical Review of World Energy (2025), con procesamiento de Our World in Data; Our World in Data (procesamiento reproducible de series energeticas)",International Energy Agency (via World Development Indicators - Banco Mundial EG.IMP.CONS.ZS),Ember - Global Electricity Review 2026 / Electricity Data Explorer (via Our World in Data); Our World in Data (procesamiento reproducible de series energeticas),REVISAR,Consumo de energia primaria en 2024 por ausencia de 2025 en serie OWID/EI/EIA. Sin componentes fosiles completos y comparables; ENE_FOS se mantiene ausente. Sin dependencia energetica WDI en 2023/2022. Sin dato de electricidad baja en carbono 2025/2024 comparable. Entidad SEGUN_FUENTE; evitar duplicidad con Estado soberano.
KNA,659,Saint Kitts and Nevis,NAC,1.1714094,2024.0,24952.804345510704,,,,,,,0.23,0.02,8.695652173913043,2024.0,"U.S. Energy Information Administration (2026); Energy Institute Statistical Review of World Energy (2025), con procesamiento de Our World in Data; Our World in Data (procesamiento reproducible de series energeticas)",International Energy Agency (via World Development Indicators - Banco Mundial EG.IMP.CONS.ZS),Ember - Global Electricity Review 2026 / Electricity Data Explorer (via Our World in Data); Our World in Data (procesamiento reproducible de series energeticas),REVISAR,Consumo de energia primaria en 2024 por ausencia de 2025 en serie OWID/EI/EIA. Sin componentes fosiles completos y comparables; ENE_FOS se mantiene ausente. Sin dependencia energetica WDI en 2023/2022. Electricidad baja en carbono en 2024 por ausencia de 2025.
AIA,660,Anguilla,NAC,,,,,,,,,,,,,,"U.S. Energy Information Administration (2026); Energy Institute Statistical Review of World Energy (2025), con procesamiento de Our World in Data; Our World in Data (procesamiento reproducible de series energeticas)",International Energy Agency (via World Development Indicators - Banco Mundial EG.IMP.CONS.ZS),Ember - Global Electricity Review 2026 / Electricity Data Explorer (via Our World in Data); Our World in Data (procesamiento reproducible de series energeticas),REVISAR,Sin consumo de energia primaria 2025/2024 comparable en las series OWID/EI/EIA revisadas. Sin dependencia energetica WDI en 2023/2022. Sin dato de electricidad baja en carbono 2025/2024 comparable. Entidad SEGUN_FUENTE; evitar duplicidad con Estado soberano.
LCA,662,Saint Lucia,NAC,2.64514,2024.0,14682.415892804609,,,,,,,0.4,0.01,2.5,2024.0,"U.S. Energy Information Administration (2026); Energy Institute Statistical Review of World Energy (2025), con procesamiento de Our World in Data; Our World in Data (procesamiento reproducible de series energeticas)",International Energy Agency (via World Development Indicators - Banco Mundial EG.IMP.CONS.ZS),Ember - Global Electricity Review 2026 / Electricity Data Explorer (via Our World in Data); Our World in Data (procesamiento reproducible de series energeticas),REVISAR,Consumo de energia primaria en 2024 por ausencia de 2025 en serie OWID/EI/EIA. Sin componentes fosiles completos y comparables; ENE_FOS se mantiene ausente. Sin dependencia energetica WDI en 2023/2022. Electricidad baja en carbono en 2024 por ausencia de 2025.
MAF,663,Saint Martin (French part),NAC,,,,,,,,,,,,,,"U.S. Energy Information Administration (2026); Energy Institute Statistical Review of World Energy (2025), con procesamiento de Our World in Data; Our World in Data (procesamiento reproducible de series energeticas)",International Energy Agency (via World Development Indicators - Banco Mundial EG.IMP.CONS.ZS),Ember - Global Electricity Review 2026 / Electricity Data Explorer (via Our World in Data); Our World in Data (procesamiento reproducible de series energeticas),REVISAR,Sin consumo de energia primaria 2025/2024 comparable en las series OWID/EI/EIA revisadas. Sin dependencia energetica WDI en 2023/2022. Sin dato de electricidad baja en carbono 2025/2024 comparable. Entidad SEGUN_FUENTE; evitar duplicidad con Estado soberano.
SPM,666,Saint Pierre and Miquelon,NAC,0.3017747,2024.0,53946.138720057206,,,,,,,,,,,"U.S. Energy Information Administration (2026); Energy Institute Statistical Review of World Energy (2025), con procesamiento de Our World in Data; Our World in Data (procesamiento reproducible de series energeticas)",International Energy Agency (via World Development Indicators - Banco Mundial EG.IMP.CONS.ZS),Ember - Global Electricity Review 2026 / Electricity Data Explorer (via Our World in Data); Our World in Data (procesamiento reproducible de series energeticas),REVISAR,Consumo de energia primaria en 2024 por ausencia de 2025 en serie OWID/EI/EIA. Sin componentes fosiles completos y comparables; ENE_FOS se mantiene ausente. Sin dependencia energetica WDI en 2023/2022. Sin dato de electricidad baja en carbono 2025/2024 comparable. Entidad SEGUN_FUENTE; evitar duplicidad con Estado soberano.
VCT,670,Saint Vincent and the Grenadines,NAC,1.1392366,2024.0,11399.889927352053,,,,,,,0.15,0.02,13.333333333333334,2024.0,"U.S. Energy Information Administration (2026); Energy Institute Statistical Review of World Energy (2025), con procesamiento de Our World in Data; Our World in Data (procesamiento reproducible de series energeticas)",International Energy Agency (via World Development Indicators - Banco Mundial EG.IMP.CONS.ZS),Ember - Global Electricity Review 2026 / Electricity Data Explorer (via Our World in Data); Our World in Data (procesamiento reproducible de series energeticas),REVISAR,Consumo de energia primaria en 2024 por ausencia de 2025 en serie OWID/EI/EIA. Sin componentes fosiles completos y comparables; ENE_FOS se mantiene ausente. Sin dependencia energetica WDI en 2023/2022. Electricidad baja en carbono en 2024 por ausencia de 2025.
SMR,674,San Marino,EUR,,,,,,,,,,,,,,"U.S. Energy Information Administration (2026); Energy Institute Statistical Review of World Energy (2025), con procesamiento de Our World in Data; Our World in Data (procesamiento reproducible de series energeticas)",International Energy Agency (via World Development Indicators - Banco Mundial EG.IMP.CONS.ZS),Ember - Global Electricity Review 2026 / Electricity Data Explorer (via Our World in Data); Our World in Data (procesamiento reproducible de series energeticas),REVISAR,Sin consumo de energia primaria 2025/2024 comparable en las series OWID/EI/EIA revisadas. Sin dependencia energetica WDI en 2023/2022. Sin dato de electricidad baja en carbono 2025/2024 comparable.
STP,678,Sao Tome and Principe,AFR,0.74188036,2024.0,3087.784469518819,,,,,,,,,,,"U.S. Energy Information Administration (2026); Energy Institute Statistical Review of World Energy (2025), con procesamiento de Our World in Data; Our World in Data (procesamiento reproducible de series energeticas)",International Energy Agency (via World Development Indicators - Banco Mundial EG.IMP.CONS.ZS),Ember - Global Electricity Review 2026 / Electricity Data Explorer (via Our World in Data); Our World in Data (procesamiento reproducible de series energeticas),REVISAR,Consumo de energia primaria en 2024 por ausencia de 2025 en serie OWID/EI/EIA. Sin componentes fosiles completos y comparables; ENE_FOS se mantiene ausente. Sin dependencia energetica WDI en 2023/2022. Sin dato de electricidad baja en carbono 2025/2024 comparable.
SAU,682,Saudi Arabia,MDE,3290.424,2024.0,95191.60077378195,-178.200448812201,2022.0,278.200448812201,3265.0020000000004,99.22739440266666,2024.0,454.64,9.82,2.1599507302481085,2024.0,"U.S. Energy Information Administration (2026); Energy Institute Statistical Review of World Energy (2025), con procesamiento de Our World in Data; Our World in Data (procesamiento reproducible de series energeticas)",International Energy Agency (via World Development Indicators - Banco Mundial EG.IMP.CONS.ZS),Ember - Global Electricity Review 2026 / Electricity Data Explorer (via Our World in Data); Our World in Data (procesamiento reproducible de series energeticas),OK,Consumo de energia primaria en 2024 por ausencia de 2025 en serie OWID/EI/EIA. Dependencia energetica tomada en 2022 por ausencia de 2023. Electricidad baja en carbono en 2024 por ausencia de 2025.
SEN,686,Senegal,AFR,49.955856,2024.0,2638.7036657412655,69.030995787333,2023.0,30.969004212667002,,,,7.63,1.51,19.790301441677588,2024.0,"U.S. Energy Information Administration (2026); Energy Institute Statistical Review of World Energy (2025), con procesamiento de Our World in Data; Our World in Data (procesamiento reproducible de series energeticas)",International Energy Agency (via World Development Indicators - Banco Mundial EG.IMP.CONS.ZS),Ember - Global Electricity Review 2026 / Electricity Data Explorer (via Our World in Data); Our World in Data (procesamiento reproducible de series energeticas),REVISAR,Consumo de energia primaria en 2024 por ausencia de 2025 en serie OWID/EI/EIA. Sin componentes fosiles completos y comparables; ENE_FOS se mantiene ausente. Electricidad baja en carbono en 2024 por ausencia de 2025.
SRB,688,Serbia,EUR,169.88072,2024.0,25396.883677443602,42.5514943717482,2023.0,57.4485056282518,,,,36.62,10.18,27.799016930639,2025.0,"U.S. Energy Information Administration (2026); Energy Institute Statistical Review of World Energy (2025), con procesamiento de Our World in Data; Our World in Data (procesamiento reproducible de series energeticas)",International Energy Agency (via World Development Indicators - Banco Mundial EG.IMP.CONS.ZS),Ember - Global Electricity Review 2026 / Electricity Data Explorer (via Our World in Data); Our World in Data (procesamiento reproducible de series energeticas),REVISAR,Consumo de energia primaria en 2024 por ausencia de 2025 en serie OWID/EI/EIA. Sin componentes fosiles completos y comparables; ENE_FOS se mantiene ausente.
SYC,690,Seychelles,AFR,4.1224236,2024.0,31043.281424139284,,,,,,,0.63,0.1,15.873015873015875,2024.0,"U.S. Energy Information Administration (2026); Energy Institute Statistical Review of World Energy (2025), con procesamiento de Our World in Data; Our World in Data (procesamiento reproducible de series energeticas)",International Energy Agency (via World Development Indicators - Banco Mundial EG.IMP.CONS.ZS),Ember - Global Electricity Review 2026 / Electricity Data Explorer (via Our World in Data); Our World in Data (procesamiento reproducible de series energeticas),REVISAR,Consumo de energia primaria en 2024 por ausencia de 2025 en serie OWID/EI/EIA. Sin componentes fosiles completos y comparables; ENE_FOS se mantiene ausente. Sin dependencia energetica WDI en 2023/2022. Electricidad baja en carbono en 2024 por ausencia de 2025.
SLE,694,Sierra Leone,AFR,6.9657664,2024.0,789.7877003050864,,,,,,,0.21,0.2,95.23809523809524,2024.0,"U.S. Energy Information Administration (2026); Energy Institute Statistical Review of World Energy (2025), con procesamiento de Our World in Data; Our World in Data (procesamiento reproducible de series energeticas)",International Energy Agency (via World Development Indicators - Banco Mundial EG.IMP.CONS.ZS),Ember - Global Electricity Review 2026 / Electricity Data Explorer (via Our World in Data); Our World in Data (procesamiento reproducible de series energeticas),REVISAR,Consumo de energia primaria en 2024 por ausencia de 2025 en serie OWID/EI/EIA. Sin componentes fosiles completos y comparables; ENE_FOS se mantiene ausente. Sin dependencia energetica WDI en 2023/2022. Electricidad baja en carbono en 2024 por ausencia de 2025.
SGP,702,Singapore,APC,1053.921,2024.0,179520.70510934805,279.622693982082,2023.0,-179.622693982082,1047.929,99.43145643743696,2024.0,60.15,3.3,5.486284289276807,2025.0,"U.S. Energy Information Administration (2026); Energy Institute Statistical Review of World Energy (2025), con procesamiento de Our World in Data; Our World in Data (procesamiento reproducible de series energeticas)",International Energy Agency (via World Development Indicators - Banco Mundial EG.IMP.CONS.ZS),Ember - Global Electricity Review 2026 / Electricity Data Explorer (via Our World in Data); Our World in Data (procesamiento reproducible de series energeticas),OK,Consumo de energia primaria en 2024 por ausencia de 2025 en serie OWID/EI/EIA.
SVK,703,Slovakia,EUR,181.077,2024.0,33074.18581687907,57.886994383722,2023.0,42.113005616278,114.55599999999998,63.26369445042715,2024.0,29.1,24.78,85.15463917525773,2025.0,"U.S. Energy Information Administration (2026); Energy Institute Statistical Review of World Energy (2025), con procesamiento de Our World in Data; Our World in Data (procesamiento reproducible de series energeticas)",International Energy Agency (via World Development Indicators - Banco Mundial EG.IMP.CONS.ZS),Ember - Global Electricity Review 2026 / Electricity Data Explorer (via Our World in Data); Our World in Data (procesamiento reproducible de series energeticas),OK,Consumo de energia primaria en 2024 por ausencia de 2025 en serie OWID/EI/EIA.
VNM,704,Vietnam,APC,1476.252,2024.0,14530.2496010523,33.9991947830939,2022.0,66.0008052169061,1143.39,77.45222360410013,2024.0,309.99,140.79,45.41759411593922,2025.0,"U.S. Energy Information Administration (2026); Energy Institute Statistical Review of World Energy (2025), con procesamiento de Our World in Data; Our World in Data (procesamiento reproducible de series energeticas)",International Energy Agency (via World Development Indicators - Banco Mundial EG.IMP.CONS.ZS),Ember - Global Electricity Review 2026 / Electricity Data Explorer (via Our World in Data); Our World in Data (procesamiento reproducible de series energeticas),OK,Consumo de energia primaria en 2024 por ausencia de 2025 en serie OWID/EI/EIA. Dependencia energetica tomada en 2022 por ausencia de 2023.
SVN,705,Slovenia,EUR,79.156,2024.0,37389.41083667522,48.9021824108035,2023.0,51.0978175891965,44.32900000000001,56.002071858102994,2024.0,14.84,11.71,78.90835579514825,2025.0,"U.S. Energy Information Administration (2026); Energy Institute Statistical Review of World Energy (2025), con procesamiento de Our World in Data; Our World in Data (procesamiento reproducible de series energeticas)",International Energy Agency (via World Development Indicators - Banco Mundial EG.IMP.CONS.ZS),Ember - Global Electricity Review 2026 / Electricity Data Explorer (via Our World in Data); Our World in Data (procesamiento reproducible de series energeticas),OK,Consumo de energia primaria en 2024 por ausencia de 2025 en serie OWID/EI/EIA.
SOM,706,Somalia,AFR,6.7928796,2024.0,345.61019698909314,,,,,,,0.43,0.09,20.930232558139533,2024.0,"U.S. Energy Information Administration (2026); Energy Institute Statistical Review of World Energy (2025), con procesamiento de Our World in Data; Our World in Data (procesamiento reproducible de series energeticas)",International Energy Agency (via World Development Indicators - Banco Mundial EG.IMP.CONS.ZS),Ember - Global Electricity Review 2026 / Electricity Data Explorer (via Our World in Data); Our World in Data (procesamiento reproducible de series energeticas),REVISAR,Consumo de energia primaria en 2024 por ausencia de 2025 en serie OWID/EI/EIA. Sin componentes fosiles completos y comparables; ENE_FOS se mantiene ausente. Sin dependencia energetica WDI en 2023/2022. Electricidad baja en carbono en 2024 por ausencia de 2025.
ZAF,710,South Africa,AFR,1362.492,2024.0,21043.218793352662,-12.5072996086864,2023.0,112.5072996086864,1291.935,94.8214741811328,2024.0,242.76,43.31,17.840665678035922,2025.0,"U.S. Energy Information Administration (2026); Energy Institute Statistical Review of World Energy (2025), con procesamiento de Our World in Data; Our World in Data (procesamiento reproducible de series energeticas)",International Energy Agency (via World Development Indicators - Banco Mundial EG.IMP.CONS.ZS),Ember - Global Electricity Review 2026 / Electricity Data Explorer (via Our World in Data); Our World in Data (procesamiento reproducible de series energeticas),OK,Consumo de energia primaria en 2024 por ausencia de 2025 en serie OWID/EI/EIA.
ZWE,716,Zimbabwe,AFR,67.522835,2024.0,3983.460542683595,16.9757127922617,2022.0,83.0242872077383,,,,10.26,5.86,57.1150097465887,2024.0,"U.S. Energy Information Administration (2026); Energy Institute Statistical Review of World Energy (2025), con procesamiento de Our World in Data; Our World in Data (procesamiento reproducible de series energeticas)",International Energy Agency (via World Development Indicators - Banco Mundial EG.IMP.CONS.ZS),Ember - Global Electricity Review 2026 / Electricity Data Explorer (via Our World in Data); Our World in Data (procesamiento reproducible de series energeticas),REVISAR,Consumo de energia primaria en 2024 por ausencia de 2025 en serie OWID/EI/EIA. Sin componentes fosiles completos y comparables; ENE_FOS se mantiene ausente. Dependencia energetica tomada en 2022 por ausencia de 2023. Electricidad baja en carbono en 2024 por ausencia de 2025.
ESP,724,Spain,EUR,1624.246,2024.0,33916.2112476185,76.9846775136602,2023.0,23.015322486339798,1051.883,64.76131078666654,2024.0,287.89,214.88,74.63961929903783,2025.0,"U.S. Energy Information Administration (2026); Energy Institute Statistical Review of World Energy (2025), con procesamiento de Our World in Data; Our World in Data (procesamiento reproducible de series energeticas)",International Energy Agency (via World Development Indicators - Banco Mundial EG.IMP.CONS.ZS),Ember - Global Electricity Review 2026 / Electricity Data Explorer (via Our World in Data); Our World in Data (procesamiento reproducible de series energeticas),OK,Consumo de energia primaria en 2024 por ausencia de 2025 en serie OWID/EI/EIA.
SSD,728,South Sudan,AFR,7.3000245,2024.0,598.9125835049526,-859.502809253272,2022.0,959.502809253272,,,,0.56,0.01,1.7857142857142856,2024.0,"U.S. Energy Information Administration (2026); Energy Institute Statistical Review of World Energy (2025), con procesamiento de Our World in Data; Our World in Data (procesamiento reproducible de series energeticas)",International Energy Agency (via World Development Indicators - Banco Mundial EG.IMP.CONS.ZS),Ember - Global Electricity Review 2026 / Electricity Data Explorer (via Our World in Data); Our World in Data (procesamiento reproducible de series energeticas),REVISAR,Consumo de energia primaria en 2024 por ausencia de 2025 en serie OWID/EI/EIA. Sin componentes fosiles completos y comparables; ENE_FOS se mantiene ausente. Dependencia energetica tomada en 2022 por ausencia de 2023. Electricidad baja en carbono en 2024 por ausencia de 2025.
SDN,729,Sudan,AFR,64.65436,2024.0,1251.4841378356134,18.8568106273271,2022.0,81.14318937267291,,,,14.77,11.77,79.68855788761002,2024.0,"U.S. Energy Information Administration (2026); Energy Institute Statistical Review of World Energy (2025), con procesamiento de Our World in Data; Our World in Data (procesamiento reproducible de series energeticas)",International Energy Agency (via World Development Indicators - Banco Mundial EG.IMP.CONS.ZS),Ember - Global Electricity Review 2026 / Electricity Data Explorer (via Our World in Data); Our World in Data (procesamiento reproducible de series energeticas),REVISAR,Consumo de energia primaria en 2024 por ausencia de 2025 en serie OWID/EI/EIA. Sin componentes fosiles completos y comparables; ENE_FOS se mantiene ausente. Dependencia energetica tomada en 2022 por ausencia de 2023. Electricidad baja en carbono en 2024 por ausencia de 2025.
ESH,732,Western Sahara,AFR,1.2425328,2024.0,2067.7415865524626,,,,,,,,,,,"U.S. Energy Information Administration (2026); Energy Institute Statistical Review of World Energy (2025), con procesamiento de Our World in Data; Our World in Data (procesamiento reproducible de series energeticas)",International Energy Agency (via World Development Indicators - Banco Mundial EG.IMP.CONS.ZS),Ember - Global Electricity Review 2026 / Electricity Data Explorer (via Our World in Data); Our World in Data (procesamiento reproducible de series energeticas),REVISAR,Consumo de energia primaria en 2024 por ausencia de 2025 en serie OWID/EI/EIA. Sin componentes fosiles completos y comparables; ENE_FOS se mantiene ausente. Sin dependencia energetica WDI en 2023/2022. Sin dato de electricidad baja en carbono 2025/2024 comparable. Entidad SEGUN_FUENTE; evitar duplicidad con Estado soberano.
SUR,740,Suriname,SAM,9.849472,2024.0,15393.167255337105,12.3045212170095,2023.0,87.6954787829905,,,,1.74,0.92,52.87356321839081,2024.0,"U.S. Energy Information Administration (2026); Energy Institute Statistical Review of World Energy (2025), con procesamiento de Our World in Data; Our World in Data (procesamiento reproducible de series energeticas)",International Energy Agency (via World Development Indicators - Banco Mundial EG.IMP.CONS.ZS),Ember - Global Electricity Review 2026 / Electricity Data Explorer (via Our World in Data); Our World in Data (procesamiento reproducible de series energeticas),REVISAR,Consumo de energia primaria en 2024 por ausencia de 2025 en serie OWID/EI/EIA. Sin componentes fosiles completos y comparables; ENE_FOS se mantiene ausente. Electricidad baja en carbono en 2024 por ausencia de 2025.
SJM,744,Svalbard and Jan Mayen,EUR,,,,,,,,,,,,,,"U.S. Energy Information Administration (2026); Energy Institute Statistical Review of World Energy (2025), con procesamiento de Our World in Data; Our World in Data (procesamiento reproducible de series energeticas)",International Energy Agency (via World Development Indicators - Banco Mundial EG.IMP.CONS.ZS),Ember - Global Electricity Review 2026 / Electricity Data Explorer (via Our World in Data); Our World in Data (procesamiento reproducible de series energeticas),REVISAR,Sin consumo de energia primaria 2025/2024 comparable en las series OWID/EI/EIA revisadas. Sin dependencia energetica WDI en 2023/2022. Sin dato de electricidad baja en carbono 2025/2024 comparable. Entidad SEGUN_FUENTE; evitar duplicidad con Estado soberano.
SWZ,748,Esuatini,AFR,6.9682617,2024.0,5547.192913743116,20.5529558411835,2022.0,79.4470441588165,,,,0.61,0.59,96.72131147540983,2024.0,"U.S. Energy Information Administration (2026); Energy Institute Statistical Review of World Energy (2025), con procesamiento de Our World in Data; Our World in Data (procesamiento reproducible de series energeticas)",International Energy Agency (via World Development Indicators - Banco Mundial EG.IMP.CONS.ZS),Ember - Global Electricity Review 2026 / Electricity Data Explorer (via Our World in Data); Our World in Data (procesamiento reproducible de series energeticas),REVISAR,Consumo de energia primaria en 2024 por ausencia de 2025 en serie OWID/EI/EIA. Sin componentes fosiles completos y comparables; ENE_FOS se mantiene ausente. Dependencia energetica tomada en 2022 por ausencia de 2023. Electricidad baja en carbono en 2024 por ausencia de 2025.
SWE,752,Sweden,EUR,610.004,2024.0,57241.70366708594,27.7524049832745,2023.0,72.2475950167255,164.166,26.912282542409553,2024.0,170.71,168.63,98.78155936969128,2025.0,"U.S. Energy Information Administration (2026); Energy Institute Statistical Review of World Energy (2025), con procesamiento de Our World in Data; Our World in Data (procesamiento reproducible de series energeticas)",International Energy Agency (via World Development Indicators - Banco Mundial EG.IMP.CONS.ZS),Ember - Global Electricity Review 2026 / Electricity Data Explorer (via Our World in Data); Our World in Data (procesamiento reproducible de series energeticas),OK,Consumo de energia primaria en 2024 por ausencia de 2025 en serie OWID/EI/EIA.
CHE,756,Switzerland,EUR,339.266,2024.0,37833.20786050559,51.7388257322457,2023.0,48.2611742677543,142.693,42.05932807885258,2024.0,65.02,63.52,97.69301753306677,2025.0,"U.S. Energy Information Administration (2026); Energy Institute Statistical Review of World Energy (2025), con procesamiento de Our World in Data; Our World in Data (procesamiento reproducible de series energeticas)",International Energy Agency (via World Development Indicators - Banco Mundial EG.IMP.CONS.ZS),Ember - Global Electricity Review 2026 / Electricity Data Explorer (via Our World in Data); Our World in Data (procesamiento reproducible de series energeticas),OK,Consumo de energia primaria en 2024 por ausencia de 2025 en serie OWID/EI/EIA.
SYR,760,Siria,MDE,116.61496,2024.0,4551.641407581976,61.2715018609797,2022.0,38.7284981390203,,,,24.88,0.88,3.536977491961415,2024.0,"U.S. Energy Information Administration (2026); Energy Institute Statistical Review of World Energy (2025), con procesamiento de Our World in Data; Our World in Data (procesamiento reproducible de series energeticas)",International Energy Agency (via World Development Indicators - Banco Mundial EG.IMP.CONS.ZS),Ember - Global Electricity Review 2026 / Electricity Data Explorer (via Our World in Data); Our World in Data (procesamiento reproducible de series energeticas),REVISAR,Consumo de energia primaria en 2024 por ausencia de 2025 en serie OWID/EI/EIA. Sin componentes fosiles completos y comparables; ENE_FOS se mantiene ausente. Dependencia energetica tomada en 2022 por ausencia de 2023. Electricidad baja en carbono en 2024 por ausencia de 2025.
TJK,762,Tajikistan,RUE,53.40183,2024.0,4950.693156726343,28.045014066896,2022.0,71.954985933104,,,,24.67,23.28,94.36562626672071,2025.0,"U.S. Energy Information Administration (2026); Energy Institute Statistical Review of World Energy (2025), con procesamiento de Our World in Data; Our World in Data (procesamiento reproducible de series energeticas)",International Energy Agency (via World Development Indicators - Banco Mundial EG.IMP.CONS.ZS),Ember - Global Electricity Review 2026 / Electricity Data Explorer (via Our World in Data); Our World in Data (procesamiento reproducible de series energeticas),REVISAR,Consumo de energia primaria en 2024 por ausencia de 2025 en serie OWID/EI/EIA. Sin componentes fosiles completos y comparables; ENE_FOS se mantiene ausente. Dependencia energetica tomada en 2022 por ausencia de 2023.
THA,764,Thailand,APC,1420.819,2024.0,19838.336474966316,57.5142566317877,2023.0,42.4857433682123,1312.6399999999999,92.38615193068223,2024.0,188.24,31.2,16.574585635359114,2025.0,"U.S. Energy Information Administration (2026); Energy Institute Statistical Review of World Energy (2025), con procesamiento de Our World in Data; Our World in Data (procesamiento reproducible de series energeticas)",International Energy Agency (via World Development Indicators - Banco Mundial EG.IMP.CONS.ZS),Ember - Global Electricity Review 2026 / Electricity Data Explorer (via Our World in Data); Our World in Data (procesamiento reproducible de series energeticas),OK,Consumo de energia primaria en 2024 por ausencia de 2025 en serie OWID/EI/EIA.
TGO,768,Togo,AFR,12.772912,2024.0,1486.6692350578412,,,,,,,0.71,0.21,29.577464788732392,2024.0,"U.S. Energy Information Administration (2026); Energy Institute Statistical Review of World Energy (2025), con procesamiento de Our World in Data; Our World in Data (procesamiento reproducible de series energeticas)",International Energy Agency (via World Development Indicators - Banco Mundial EG.IMP.CONS.ZS),Ember - Global Electricity Review 2026 / Electricity Data Explorer (via Our World in Data); Our World in Data (procesamiento reproducible de series energeticas),REVISAR,Consumo de energia primaria en 2024 por ausencia de 2025 en serie OWID/EI/EIA. Sin componentes fosiles completos y comparables; ENE_FOS se mantiene ausente. Sin dependencia energetica WDI en 2023/2022. Electricidad baja en carbono en 2024 por ausencia de 2025.
TKL,772,Tokelau,APC,,,,,,,,,,,,,,"U.S. Energy Information Administration (2026); Energy Institute Statistical Review of World Energy (2025), con procesamiento de Our World in Data; Our World in Data (procesamiento reproducible de series energeticas)",International Energy Agency (via World Development Indicators - Banco Mundial EG.IMP.CONS.ZS),Ember - Global Electricity Review 2026 / Electricity Data Explorer (via Our World in Data); Our World in Data (procesamiento reproducible de series energeticas),REVISAR,Sin consumo de energia primaria 2025/2024 comparable en las series OWID/EI/EIA revisadas. Sin dependencia energetica WDI en 2023/2022. Sin dato de electricidad baja en carbono 2025/2024 comparable. Entidad SEGUN_FUENTE; evitar duplicidad con Estado soberano.
TON,776,Tonga,APC,0.9219276,2024.0,8885.278385489451,,,,,,,0.07,0.01,14.285714285714285,2024.0,"U.S. Energy Information Administration (2026); Energy Institute Statistical Review of World Energy (2025), con procesamiento de Our World in Data; Our World in Data (procesamiento reproducible de series energeticas)",International Energy Agency (via World Development Indicators - Banco Mundial EG.IMP.CONS.ZS),Ember - Global Electricity Review 2026 / Electricity Data Explorer (via Our World in Data); Our World in Data (procesamiento reproducible de series energeticas),REVISAR,Consumo de energia primaria en 2024 por ausencia de 2025 en serie OWID/EI/EIA. Sin componentes fosiles completos y comparables; ENE_FOS se mantiene ausente. Sin dependencia energetica WDI en 2023/2022. Electricidad baja en carbono en 2024 por ausencia de 2025.
TTO,780,Trinidad and Tobago,NAC,159.807,2024.0,105750.93107035372,-75.4573322877313,2022.0,175.4573322877313,159.788,99.98811065848182,2024.0,9.55,0.01,0.10471204188481674,2024.0,"U.S. Energy Information Administration (2026); Energy Institute Statistical Review of World Energy (2025), con procesamiento de Our World in Data; Our World in Data (procesamiento reproducible de series energeticas)",International Energy Agency (via World Development Indicators - Banco Mundial EG.IMP.CONS.ZS),Ember - Global Electricity Review 2026 / Electricity Data Explorer (via Our World in Data); Our World in Data (procesamiento reproducible de series energeticas),OK,Consumo de energia primaria en 2024 por ausencia de 2025 en serie OWID/EI/EIA. Dependencia energetica tomada en 2022 por ausencia de 2023. Electricidad baja en carbono en 2024 por ausencia de 2025.
ARE,784,United Arab Emirates,MDE,1522.037,2024.0,134147.38190690186,-171.482371329992,2022.0,271.482371329992,1380.5819999999999,90.70620490829066,2024.0,177.26,56.25,31.73304750084622,2024.0,"U.S. Energy Information Administration (2026); Energy Institute Statistical Review of World Energy (2025), con procesamiento de Our World in Data; Our World in Data (procesamiento reproducible de series energeticas)",International Energy Agency (via World Development Indicators - Banco Mundial EG.IMP.CONS.ZS),Ember - Global Electricity Review 2026 / Electricity Data Explorer (via Our World in Data); Our World in Data (procesamiento reproducible de series energeticas),OK,Consumo de energia primaria en 2024 por ausencia de 2025 en serie OWID/EI/EIA. Dependencia energetica tomada en 2022 por ausencia de 2023. Electricidad baja en carbono en 2024 por ausencia de 2025.
TUN,788,Tunisia,AFR,123.06697,2024.0,9966.085968131063,53.1400289008402,2022.0,46.8599710991598,,,,22.31,0.9,4.034065441506051,2025.0,"U.S. Energy Information Administration (2026); Energy Institute Statistical Review of World Energy (2025), con procesamiento de Our World in Data; Our World in Data (procesamiento reproducible de series energeticas)",International Energy Agency (via World Development Indicators - Banco Mundial EG.IMP.CONS.ZS),Ember - Global Electricity Review 2026 / Electricity Data Explorer (via Our World in Data); Our World in Data (procesamiento reproducible de series energeticas),REVISAR,Consumo de energia primaria en 2024 por ausencia de 2025 en serie OWID/EI/EIA. Sin componentes fosiles completos y comparables; ENE_FOS se mantiene ausente. Dependencia energetica tomada en 2022 por ausencia de 2023.
TUR,792,Turquía,MDE,2093.058,2024.0,23870.078205811784,71.9928600541247,2023.0,28.007139945875295,1667.2420000000002,79.65579549157262,2024.0,353.86,153.07,43.25722036963771,2025.0,"U.S. Energy Information Administration (2026); Energy Institute Statistical Review of World Energy (2025), con procesamiento de Our World in Data; Our World in Data (procesamiento reproducible de series energeticas)",International Energy Agency (via World Development Indicators - Banco Mundial EG.IMP.CONS.ZS),Ember - Global Electricity Review 2026 / Electricity Data Explorer (via Our World in Data); Our World in Data (procesamiento reproducible de series energeticas),OK,Consumo de energia primaria en 2024 por ausencia de 2025 en serie OWID/EI/EIA.
TKM,795,Turkmenistan,RUE,371.164,2024.0,48716.52579679983,-109.777211443604,2022.0,209.77721144360402,371.138,99.99299501029193,2024.0,33.01,0.01,0.030293850348379277,2024.0,"U.S. Energy Information Administration (2026); Energy Institute Statistical Review of World Energy (2025), con procesamiento de Our World in Data; Our World in Data (procesamiento reproducible de series energeticas)",International Energy Agency (via World Development Indicators - Banco Mundial EG.IMP.CONS.ZS),Ember - Global Electricity Review 2026 / Electricity Data Explorer (via Our World in Data); Our World in Data (procesamiento reproducible de series energeticas),OK,Consumo de energia primaria en 2024 por ausencia de 2025 en serie OWID/EI/EIA. Dependencia energetica tomada en 2022 por ausencia de 2023. Electricidad baja en carbono en 2024 por ausencia de 2025.
TCA,796,Turks and Caicos Islands,NAC,1.9074901,2024.0,40688.78199658703,,,,,,,0.27,0.01,3.7037037037037033,2024.0,"U.S. Energy Information Administration (2026); Energy Institute Statistical Review of World Energy (2025), con procesamiento de Our World in Data; Our World in Data (procesamiento reproducible de series energeticas)",International Energy Agency (via World Development Indicators - Banco Mundial EG.IMP.CONS.ZS),Ember - Global Electricity Review 2026 / Electricity Data Explorer (via Our World in Data); Our World in Data (procesamiento reproducible de series energeticas),REVISAR,Consumo de energia primaria en 2024 por ausencia de 2025 en serie OWID/EI/EIA. Sin componentes fosiles completos y comparables; ENE_FOS se mantiene ausente. Sin dependencia energetica WDI en 2023/2022. Electricidad baja en carbono en 2024 por ausencia de 2025. Entidad SEGUN_FUENTE; evitar duplicidad con Estado soberano.
TUV,798,Tuvalu,APC,,,,,,,,,,,,,,"U.S. Energy Information Administration (2026); Energy Institute Statistical Review of World Energy (2025), con procesamiento de Our World in Data; Our World in Data (procesamiento reproducible de series energeticas)",International Energy Agency (via World Development Indicators - Banco Mundial EG.IMP.CONS.ZS),Ember - Global Electricity Review 2026 / Electricity Data Explorer (via Our World in Data); Our World in Data (procesamiento reproducible de series energeticas),REVISAR,Sin consumo de energia primaria 2025/2024 comparable en las series OWID/EI/EIA revisadas. Sin dependencia energetica WDI en 2023/2022. Sin dato de electricidad baja en carbono 2025/2024 comparable.
UGA,800,Uganda,AFR,31.860119,2024.0,620.0289061611941,20.4895150227516,2022.0,79.5104849772484,,,,5.81,5.64,97.07401032702238,2024.0,"U.S. Energy Information Administration (2026); Energy Institute Statistical Review of World Energy (2025), con procesamiento de Our World in Data; Our World in Data (procesamiento reproducible de series energeticas)",International Energy Agency (via World Development Indicators - Banco Mundial EG.IMP.CONS.ZS),Ember - Global Electricity Review 2026 / Electricity Data Explorer (via Our World in Data); Our World in Data (procesamiento reproducible de series energeticas),REVISAR,Consumo de energia primaria en 2024 por ausencia de 2025 en serie OWID/EI/EIA. Sin componentes fosiles completos y comparables; ENE_FOS se mantiene ausente. Dependencia energetica tomada en 2022 por ausencia de 2023. Electricidad baja en carbono en 2024 por ausencia de 2025.
UKR,804,Ukraine,EUR,601.054,2024.0,15419.398169027598,23.5925758831614,2023.0,76.4074241168386,417.078,69.3911029624626,2024.0,,,,,"U.S. Energy Information Administration (2026); Energy Institute Statistical Review of World Energy (2025), con procesamiento de Our World in Data; Our World in Data (procesamiento reproducible de series energeticas)",International Energy Agency (via World Development Indicators - Banco Mundial EG.IMP.CONS.ZS),Ember - Global Electricity Review 2026 / Electricity Data Explorer (via Our World in Data); Our World in Data (procesamiento reproducible de series energeticas),REVISAR,Consumo de energia primaria en 2024 por ausencia de 2025 en serie OWID/EI/EIA. Sin dato de electricidad baja en carbono 2025/2024 comparable.
MKD,807,North Macedonia,EUR,29.569,2024.0,16302.310297983451,63.8098670871817,2023.0,36.1901329128183,24.593,83.17156481450168,2024.0,6.82,3.22,47.214076246334315,2025.0,"U.S. Energy Information Administration (2026); Energy Institute Statistical Review of World Energy (2025), con procesamiento de Our World in Data; Our World in Data (procesamiento reproducible de series energeticas)",International Energy Agency (via World Development Indicators - Banco Mundial EG.IMP.CONS.ZS),Ember - Global Electricity Review 2026 / Electricity Data Explorer (via Our World in Data); Our World in Data (procesamiento reproducible de series energeticas),OK,Consumo de energia primaria en 2024 por ausencia de 2025 en serie OWID/EI/EIA.
EGY,818,Egypt,AFR,1125.86,2024.0,9511.684500265468,20.2563785795628,2023.0,79.7436214204372,1057.07,93.89000408576555,2024.0,245.71,31.98,13.015343290871353,2025.0,"U.S. Energy Information Administration (2026); Energy Institute Statistical Review of World Energy (2025), con procesamiento de Our World in Data; Our World in Data (procesamiento reproducible de series energeticas)",International Energy Agency (via World Development Indicators - Banco Mundial EG.IMP.CONS.ZS),Ember - Global Electricity Review 2026 / Electricity Data Explorer (via Our World in Data); Our World in Data (procesamiento reproducible de series energeticas),OK,Consumo de energia primaria en 2024 por ausencia de 2025 en serie OWID/EI/EIA.
GBR,826,Reino Unido,EUR,1936.96,2024.0,27849.358000811313,44.0436184547282,2023.0,55.9563815452718,1409.699,72.77894226003635,2024.0,292.31,188.3,64.41791249016455,2025.0,"U.S. Energy Information Administration (2026); Energy Institute Statistical Review of World Energy (2025), con procesamiento de Our World in Data; Our World in Data (procesamiento reproducible de series energeticas)",International Energy Agency (via World Development Indicators - Banco Mundial EG.IMP.CONS.ZS),Ember - Global Electricity Review 2026 / Electricity Data Explorer (via Our World in Data); Our World in Data (procesamiento reproducible de series energeticas),OK,Consumo de energia primaria en 2024 por ausencia de 2025 en serie OWID/EI/EIA.
GGY,831,Guernsey,EUR,,,,,,,,,,,,,,"U.S. Energy Information Administration (2026); Energy Institute Statistical Review of World Energy (2025), con procesamiento de Our World in Data; Our World in Data (procesamiento reproducible de series energeticas)",International Energy Agency (via World Development Indicators - Banco Mundial EG.IMP.CONS.ZS),Ember - Global Electricity Review 2026 / Electricity Data Explorer (via Our World in Data); Our World in Data (procesamiento reproducible de series energeticas),REVISAR,Sin consumo de energia primaria 2025/2024 comparable en las series OWID/EI/EIA revisadas. Sin dependencia energetica WDI en 2023/2022. Sin dato de electricidad baja en carbono 2025/2024 comparable. Entidad SEGUN_FUENTE; evitar duplicidad con Estado soberano.
JEY,832,Jersey,EUR,,,,,,,,,,,,,,"U.S. Energy Information Administration (2026); Energy Institute Statistical Review of World Energy (2025), con procesamiento de Our World in Data; Our World in Data (procesamiento reproducible de series energeticas)",International Energy Agency (via World Development Indicators - Banco Mundial EG.IMP.CONS.ZS),Ember - Global Electricity Review 2026 / Electricity Data Explorer (via Our World in Data); Our World in Data (procesamiento reproducible de series energeticas),REVISAR,Sin consumo de energia primaria 2025/2024 comparable en las series OWID/EI/EIA revisadas. Sin dependencia energetica WDI en 2023/2022. Sin dato de electricidad baja en carbono 2025/2024 comparable. Entidad SEGUN_FUENTE; evitar duplicidad con Estado soberano.
IMN,833,Isle of Man,EUR,,,,,,,,,,,,,,"U.S. Energy Information Administration (2026); Energy Institute Statistical Review of World Energy (2025), con procesamiento de Our World in Data; Our World in Data (procesamiento reproducible de series energeticas)",International Energy Agency (via World Development Indicators - Banco Mundial EG.IMP.CONS.ZS),Ember - Global Electricity Review 2026 / Electricity Data Explorer (via Our World in Data); Our World in Data (procesamiento reproducible de series energeticas),REVISAR,Sin consumo de energia primaria 2025/2024 comparable en las series OWID/EI/EIA revisadas. Sin dependencia energetica WDI en 2023/2022. Sin dato de electricidad baja en carbono 2025/2024 comparable. Entidad SEGUN_FUENTE; evitar duplicidad con Estado soberano.
TZA,834,Tanzania,AFR,79.18616,2024.0,1122.4777277159399,12.9338562520213,2022.0,87.0661437479787,,,,8.84,2.91,32.918552036199095,2024.0,"U.S. Energy Information Administration (2026); Energy Institute Statistical Review of World Energy (2025), con procesamiento de Our World in Data; Our World in Data (procesamiento reproducible de series energeticas)",International Energy Agency (via World Development Indicators - Banco Mundial EG.IMP.CONS.ZS),Ember - Global Electricity Review 2026 / Electricity Data Explorer (via Our World in Data); Our World in Data (procesamiento reproducible de series energeticas),REVISAR,Consumo de energia primaria en 2024 por ausencia de 2025 en serie OWID/EI/EIA. Sin componentes fosiles completos y comparables; ENE_FOS se mantiene ausente. Dependencia energetica tomada en 2022 por ausencia de 2023. Electricidad baja en carbono en 2024 por ausencia de 2025.
USA,840,Estados Unidos,NAC,26528.611,2024.0,76390.61032322007,-9.00058575160831,2023.0,109.00058575160831,21166.57,79.787705432448,2024.0,4519.79,1943.58,43.00155538199783,2025.0,"U.S. Energy Information Administration (2026); Energy Institute Statistical Review of World Energy (2025), con procesamiento de Our World in Data; Our World in Data (procesamiento reproducible de series energeticas)",International Energy Agency (via World Development Indicators - Banco Mundial EG.IMP.CONS.ZS),Ember - Global Electricity Review 2026 / Electricity Data Explorer (via Our World in Data); Our World in Data (procesamiento reproducible de series energeticas),OK,Consumo de energia primaria en 2024 por ausencia de 2025 en serie OWID/EI/EIA.
VIR,850,"Virgin Islands, U.S.",NAC,9.860343,2024.0,117174.40077955104,,,,,,,,,,,"U.S. Energy Information Administration (2026); Energy Institute Statistical Review of World Energy (2025), con procesamiento de Our World in Data; Our World in Data (procesamiento reproducible de series energeticas)",International Energy Agency (via World Development Indicators - Banco Mundial EG.IMP.CONS.ZS),Ember - Global Electricity Review 2026 / Electricity Data Explorer (via Our World in Data); Our World in Data (procesamiento reproducible de series energeticas),REVISAR,Consumo de energia primaria en 2024 por ausencia de 2025 en serie OWID/EI/EIA. Sin componentes fosiles completos y comparables; ENE_FOS se mantiene ausente. Sin dependencia energetica WDI en 2023/2022. Sin dato de electricidad baja en carbono 2025/2024 comparable. Entidad SEGUN_FUENTE; evitar duplicidad con Estado soberano.
BFA,854,Burkina Faso,AFR,25.020699,2024.0,1039.299415458179,,,,,,,1.69,0.29,17.159763313609467,2024.0,"U.S. Energy Information Administration (2026); Energy Institute Statistical Review of World Energy (2025), con procesamiento de Our World in Data; Our World in Data (procesamiento reproducible de series energeticas)",International Energy Agency (via World Development Indicators - Banco Mundial EG.IMP.CONS.ZS),Ember - Global Electricity Review 2026 / Electricity Data Explorer (via Our World in Data); Our World in Data (procesamiento reproducible de series energeticas),REVISAR,Consumo de energia primaria en 2024 por ausencia de 2025 en serie OWID/EI/EIA. Sin componentes fosiles completos y comparables; ENE_FOS se mantiene ausente. Sin dependencia energetica WDI en 2023/2022. Electricidad baja en carbono en 2024 por ausencia de 2025.
URY,858,Uruguay,SAM,53.510723,2024.0,15809.656493984967,46.2068935643027,2022.0,53.7931064356973,,,,11.94,11.68,97.82244556113902,2025.0,"U.S. Energy Information Administration (2026); Energy Institute Statistical Review of World Energy (2025), con procesamiento de Our World in Data; Our World in Data (procesamiento reproducible de series energeticas)",International Energy Agency (via World Development Indicators - Banco Mundial EG.IMP.CONS.ZS),Ember - Global Electricity Review 2026 / Electricity Data Explorer (via Our World in Data); Our World in Data (procesamiento reproducible de series energeticas),REVISAR,Consumo de energia primaria en 2024 por ausencia de 2025 en serie OWID/EI/EIA. Sin componentes fosiles completos y comparables; ENE_FOS se mantiene ausente. Dependencia energetica tomada en 2022 por ausencia de 2023.
UZB,860,Uzbekistan,RUE,695.576,2024.0,18772.244230682245,1.54758954098202,2022.0,98.45241045901798,661.851,95.15150033928715,2024.0,86.7,16.8,19.377162629757784,2025.0,"U.S. Energy Information Administration (2026); Energy Institute Statistical Review of World Energy (2025), con procesamiento de Our World in Data; Our World in Data (procesamiento reproducible de series energeticas)",International Energy Agency (via World Development Indicators - Banco Mundial EG.IMP.CONS.ZS),Ember - Global Electricity Review 2026 / Electricity Data Explorer (via Our World in Data); Our World in Data (procesamiento reproducible de series energeticas),OK,Consumo de energia primaria en 2024 por ausencia de 2025 en serie OWID/EI/EIA. Dependencia energetica tomada en 2022 por ausencia de 2023.
VEN,862,Venezuela,SAM,698.546,2024.0,24495.860349476978,-73.9084713357919,2022.0,173.9084713357919,509.977,73.00549999570536,2024.0,80.13,73.03,91.1393984774741,2024.0,"U.S. Energy Information Administration (2026); Energy Institute Statistical Review of World Energy (2025), con procesamiento de Our World in Data; Our World in Data (procesamiento reproducible de series energeticas)",International Energy Agency (via World Development Indicators - Banco Mundial EG.IMP.CONS.ZS),Ember - Global Electricity Review 2026 / Electricity Data Explorer (via Our World in Data); Our World in Data (procesamiento reproducible de series energeticas),OK,Consumo de energia primaria en 2024 por ausencia de 2025 en serie OWID/EI/EIA. Dependencia energetica tomada en 2022 por ausencia de 2023. Electricidad baja en carbono en 2024 por ausencia de 2025.
WLF,876,Wallis and Futuna,APC,,,,,,,,,,,,,,"U.S. Energy Information Administration (2026); Energy Institute Statistical Review of World Energy (2025), con procesamiento de Our World in Data; Our World in Data (procesamiento reproducible de series energeticas)",International Energy Agency (via World Development Indicators - Banco Mundial EG.IMP.CONS.ZS),Ember - Global Electricity Review 2026 / Electricity Data Explorer (via Our World in Data); Our World in Data (procesamiento reproducible de series energeticas),REVISAR,Sin consumo de energia primaria 2025/2024 comparable en las series OWID/EI/EIA revisadas. Sin dependencia energetica WDI en 2023/2022. Sin dato de electricidad baja en carbono 2025/2024 comparable. Entidad SEGUN_FUENTE; evitar duplicidad con Estado soberano.
WSM,882,Samoa,APC,1.4546034,2024.0,6632.484782162643,,,,,,,0.16,0.07,43.75000000000001,2024.0,"U.S. Energy Information Administration (2026); Energy Institute Statistical Review of World Energy (2025), con procesamiento de Our World in Data; Our World in Data (procesamiento reproducible de series energeticas)",International Energy Agency (via World Development Indicators - Banco Mundial EG.IMP.CONS.ZS),Ember - Global Electricity Review 2026 / Electricity Data Explorer (via Our World in Data); Our World in Data (procesamiento reproducible de series energeticas),REVISAR,Consumo de energia primaria en 2024 por ausencia de 2025 en serie OWID/EI/EIA. Sin componentes fosiles completos y comparables; ENE_FOS se mantiene ausente. Sin dependencia energetica WDI en 2023/2022. Electricidad baja en carbono en 2024 por ausencia de 2025.
YEM,887,Yemen,MDE,61.599396,2024.0,1474.59116858211,-11.0466644311721,2022.0,111.0466644311721,,,,5.25,0.59,11.238095238095237,2024.0,"U.S. Energy Information Administration (2026); Energy Institute Statistical Review of World Energy (2025), con procesamiento de Our World in Data; Our World in Data (procesamiento reproducible de series energeticas)",International Energy Agency (via World Development Indicators - Banco Mundial EG.IMP.CONS.ZS),Ember - Global Electricity Review 2026 / Electricity Data Explorer (via Our World in Data); Our World in Data (procesamiento reproducible de series energeticas),REVISAR,Consumo de energia primaria en 2024 por ausencia de 2025 en serie OWID/EI/EIA. Sin componentes fosiles completos y comparables; ENE_FOS se mantiene ausente. Dependencia energetica tomada en 2022 por ausencia de 2023. Electricidad baja en carbono en 2024 por ausencia de 2025.
ZMB,894,Zambia,AFR,50.972034,2024.0,2326.0161437423353,9.03001865064098,2022.0,90.96998134935902,,,,19.72,17.25,87.47464503042596,2024.0,"U.S. Energy Information Administration (2026); Energy Institute Statistical Review of World Energy (2025), con procesamiento de Our World in Data; Our World in Data (procesamiento reproducible de series energeticas)",International Energy Agency (via World Development Indicators - Banco Mundial EG.IMP.CONS.ZS),Ember - Global Electricity Review 2026 / Electricity Data Explorer (via Our World in Data); Our World in Data (procesamiento reproducible de series energeticas),REVISAR,Consumo de energia primaria en 2024 por ausencia de 2025 en serie OWID/EI/EIA. Sin componentes fosiles completos y comparables; ENE_FOS se mantiene ausente. Dependencia energetica tomada en 2022 por ausencia de 2023. Electricidad baja en carbono en 2024 por ausencia de 2025.
XKX,,Kosovo,EUR,,,,,,,,,,,,,,"U.S. Energy Information Administration (2026); Energy Institute Statistical Review of World Energy (2025), con procesamiento de Our World in Data; Our World in Data (procesamiento reproducible de series energeticas)",International Energy Agency (via World Development Indicators - Banco Mundial EG.IMP.CONS.ZS),Ember - Global Electricity Review 2026 / Electricity Data Explorer (via Our World in Data); Our World in Data (procesamiento reproducible de series energeticas),REVISAR,Sin consumo de energia primaria 2025/2024 comparable en las series OWID/EI/EIA revisadas. Sin dependencia energetica WDI en 2023/2022. Sin dato de electricidad baja en carbono 2025/2024 comparable. Entidad SEGUN_FUENTE; evitar duplicidad con Estado soberano.
